t,target,cmd,measured
0,20,130.01,0
0.005,20,130.02,0
0.01,20,130.03,0
0.015,20,130.04,0
0.02,20,130.05,0
0.025,20,130.06,0
0.03,20,130.07,0
0.035,20,130.08,0
0.04,20,130.09,0
0.045,20,130.1,0
0.05,20,130.11,0.3
0.055,20,108.97,0.7
0.06,20,99.9795,1.2
0.065,20,90.3389,1.6
0.07,20,94.1481,2.1
0.075,20,84.507,2.6
0.08,20,81.2657,3
0.085,20,85.0743,3.5
0.09,20,75.4325,4
0.095,20,72.1905,4.5
0.1,20,68.9483,5
0.105,20,65.7057,5.4
0.11,20,69.513,5.9
0.115,20,59.8701,6.4
0.12,20,56.6269,6.9
0.125,20,53.3834,7.3
0.13,20,57.1898,7.8
0.135,20,47.5459,8.2
0.14,20,51.3518,8.6
0.145,20,48.7575,9.1
0.15,20,39.113,9.5
0.155,20,42.9182,9.9
0.16,20,40.3232,10.3
0.165,20,37.7281,10.7
0.17,20,35.1327,11.1
0.175,20,32.5372,11.4
0.18,20,36.9915,11.8
0.185,20,27.9956,12.2
0.19,20,25.3995,12.5
0.195,20,29.85,12.8
0.2,20,27.9,13.1
0.205,20,25.95,13.5
0.21,20,16.95,13.8
0.215,20,21.4,14.1
0.22,20,19.45,14.3
0.225,20,24.55,14.6
0.23,20,16.2,14.9
0.235,20,14.25,15.1
0.24,20,19.35,15.4
0.245,20,11,15.6
0.25,20,16.1,15.8
0.255,20,14.8,16.1
0.26,20,6.45,16.3
0.265,20,11.55,16.5
0.27,20,10.25,16.7
0.275,20,8.95,16.8
0.28,20,14.7,17
0.285,20,7,17.2
0.29,20,5.7,17.4
0.295,20,4.4,17.5
0.3,20,10.15,17.7
0.305,20,2.45,17.8
0.31,20,8.2,17.9
0.315,20,7.55,18.1
0.32,20,-0.15,18.2
0.325,20,5.6,18.3
0.33,20,4.95,18.4
0.335,20,4.3,18.5
0.34,20,3.65,18.6
0.345,20,3,18.7
0.35,20,2.35,18.8
0.355,20,1.7,18.9
0.36,20,1.05,19
0.365,20,0.4,19.1
0.37,20,-0.25,19.1
0.375,20,6.15,19.2
0.38,20,-0.9,19.3
0.385,20,-1.55,19.3
0.39,20,4.85,19.4
0.395,20,-2.2,19.4
0.4,20,4.2,19.5
0.405,20,-2.85,19.5
0.41,20,3.55,19.6
0.415,20,-3.5,19.6
0.42,20,2.9,19.7
0.425,20,-4.15,19.7
0.43,20,2.25,19.8
0.435,20,-4.8,19.8
0.44,20,1.6,19.8
0.445,20,1.6,19.8
0.45,20,1.6,19.9
0.455,20,-5.45,19.9
0.46,20,0.95,19.9
0.465,20,0.95,19.9
0.47,20,0.95,20
0.475,20,-6.1,20
0.48,20,0.3,20
0.485,20,0.3,20
0.49,20,0.3,20
0.495,20,0.3,20
0.5,20,0.3,20.1
0.505,20,-6.75005,20.1
0.51,20,-0.3501,20.1
0.515,20,-0.35015,20.1
0.52,20,-0.3502,20.1
0.525,20,-0.35025,20.1
0.53,20,-0.3503,20.1
0.535,20,-0.35035,20.1
0.54,20,-0.3504,20.1
0.545,20,-0.35045,20.1
0.55,20,-0.3505,20.1
0.555,20,-0.35055,20.1
0.56,20,-0.3506,20.1
0.565,20,-0.35065,20.1
0.57,20,-0.3507,20.1
0.575,20,-0.35075,20.1
0.58,20,-0.3508,20.2
0.585,20,-7.4009,20.2
0.59,20,-1.001,20.2
0.595,20,-1.0011,20.2
0.6,20,-1.0012,20.2
0.605,20,-1.0013,20.2
0.61,20,-1.0014,20.2
0.615,20,-1.0015,20.2
0.62,20,-1.0016,20.2
0.625,20,-1.0017,20.2
0.63,20,-1.0018,20.2
0.635,20,-1.0019,20.2
0.64,20,-1.002,20.2
0.645,20,-1.0021,20.2
0.65,20,-1.0022,20.2
0.655,20,-1.0023,20.2
0.66,20,-1.0024,20.2
0.665,20,-1.0025,20.2
0.67,20,-1.0026,20.2
0.675,20,-1.0027,20.2
0.68,20,-1.0028,20.2
0.685,20,-1.0029,20.2
0.69,20,-1.003,20.2
0.695,20,-1.0031,20.2
0.7,20,-1.0032,20.2
0.705,20,-1.0033,20.2
0.71,20,-1.0034,20.2
0.715,20,-1.0035,20.2
0.72,20,-1.0036,20.2
0.725,20,-1.0037,20.2
0.73,20,-1.0038,20.2
0.735,20,-1.0039,20.2
0.74,20,-1.004,20.2
0.745,20,-1.0041,20.2
0.75,20,-1.0042,20.2
0.755,20,-1.0043,20.2
0.76,20,-1.0044,20.2
0.765,20,-1.0045,20.2
0.77,20,-1.0046,20.2
0.775,20,-1.0047,20.2
0.78,20,-1.0048,20.2
0.785,20,-1.0049,20.2
0.79,20,-1.005,20.2
0.795,20,-1.0051,20.2
0.8,20,-1.0052,20.2
0.805,20,-1.0053,20.2
0.81,20,-1.0054,20.2
0.815,20,-1.0055,20.2
0.82,20,-1.0056,20.2
0.825,20,-1.0057,20.2
0.83,20,-1.0058,20.2
0.835,20,-1.0059,20.2
0.84,20,-1.006,20.2
0.845,20,-1.0061,20.2
0.85,20,-1.0062,20.2
0.855,20,-1.0063,20.2
0.86,20,-1.0064,20.2
0.865,20,-1.0065,20.2
0.87,20,-1.0066,20.2
0.875,20,-1.0067,20.2
0.88,20,-1.0068,20.2
0.885,20,-1.0069,20.2
0.89,20,-1.007,20.2
0.895,20,-1.0071,20.2
0.9,20,-1.0072,20.2
0.905,20,-1.0073,20.2
0.91,20,-1.0074,20.2
0.915,20,-1.0075,20.2
0.92,20,-1.0076,20.2
0.925,20,-1.0077,20.2
0.93,20,-1.0078,20.2
0.935,20,-1.0079,20.2
0.94,20,-1.008,20.2
0.945,20,-1.0081,20.2
0.95,20,-1.0082,20.2
0.955,20,-1.0083,20.2
0.96,20,-1.0084,20.2
0.965,20,-1.0085,20.2
0.97,20,-1.0086,20.2
0.975,20,-1.0087,20.2
0.98,20,-1.0088,20.2
0.985,20,-1.0089,20.2
0.99,20,-1.009,20.2
0.995,20,-1.0091,20.2
1,20,-1.0092,20.2
1.005,20,-1.0093,20.2
1.01,20,-1.0094,20.2
1.015,20,-1.0095,20.2
1.02,20,-1.0096,20.2
1.025,20,-1.0097,20.2
1.03,20,-1.0098,20.2
1.035,20,-1.0099,20.2
1.04,20,-1.01,20.2
1.045,20,-1.0101,20.2
1.05,20,-1.0102,20.2
1.055,20,-1.0103,20.2
1.06,20,-1.0104,20.2
1.065,20,-1.0105,20.2
1.07,20,-1.0106,20.2
1.075,20,-1.0107,20.2
1.08,20,-1.0108,20.2
1.085,20,-1.0109,20.2
1.09,20,-1.011,20.2
1.095,20,-1.0111,20.2
1.1,20,-1.0112,20.2
1.105,20,-1.0113,20.2
1.11,20,-1.0114,20.2
1.115,20,-1.0115,20.2
1.12,20,-1.0116,20.2
1.125,20,-1.0117,20.2
1.13,20,-1.0118,20.2
1.135,20,-1.0119,20.2
1.14,20,-1.012,20.2
1.145,20,-1.0121,20.2
1.15,20,-1.0122,20.2
1.155,20,-1.0123,20.2
1.16,20,-1.0124,20.2
1.165,20,-1.0125,20.2
1.17,20,-1.0126,20.2
1.175,20,-1.0127,20.2
1.18,20,-1.0128,20.2
1.185,20,-1.0129,20.2
1.19,20,-1.013,20.2
1.195,20,-1.0131,20.2
1.2,20,-1.0132,20.2
1.205,20,-1.0133,20.2
1.21,20,-1.0134,20.2
1.215,20,-1.0135,20.2
1.22,20,-1.0136,20.2
1.225,20,-1.0137,20.2
1.23,20,-1.0138,20.2
1.235,20,-1.0139,20.2
1.24,20,-1.014,20.2
1.245,20,-1.0141,20.2
1.25,20,-1.0142,20.2
1.255,20,-1.0143,20.2
1.26,20,-1.0144,20.2
1.265,20,-1.0145,20.2
1.27,20,-1.0146,20.2
1.275,20,-1.0147,20.2
1.28,20,-1.0148,20.2
1.285,20,-1.0149,20.2
1.29,20,-1.015,20.2
1.295,20,-1.0151,20.2
1.3,20,-1.0152,20.2
1.305,20,-1.0153,20.2
1.31,20,-1.0154,20.2
1.315,20,-1.0155,20.2
1.32,20,-1.0156,20.2
1.325,20,-1.0157,20.2
1.33,20,-1.0158,20.2
1.335,20,-1.0159,20.2
1.34,20,-1.016,20.2
1.345,20,-1.0161,20.2
1.35,20,-1.0162,20.2
1.355,20,-1.0163,20.2
1.36,20,-1.0164,20.2
1.365,20,-1.0165,20.2
1.37,20,-1.0166,20.2
1.375,20,-1.0167,20.2
1.38,20,-1.0168,20.2
1.385,20,-1.0169,20.2
1.39,20,-1.017,20.2
1.395,20,-1.0171,20.2
1.4,20,-1.0172,20.2
1.405,20,-1.0173,20.2
1.41,20,-1.0174,20.2
1.415,20,-1.0175,20.2
1.42,20,-1.0176,20.2
1.425,20,-1.0177,20.2
1.43,20,-1.0178,20.2
1.435,20,-1.0179,20.2
1.44,20,-1.018,20.2
1.445,20,-1.0181,20.2
1.45,20,-1.0182,20.2
1.455,20,-1.0183,20.2
1.46,20,-1.0184,20.2
1.465,20,-1.0185,20.2
1.47,20,-1.0186,20.2
1.475,20,-1.0187,20.2
1.48,20,-1.0188,20.2
1.485,20,-1.0189,20.2
1.49,20,-1.019,20.2
1.495,20,-1.0191,20.2
1.5,20,-1.0192,20.2
1.505,20,-1.0193,20.2
1.51,20,-1.0194,20.2
1.515,20,-1.0195,20.2
1.52,20,-1.0196,20.2
1.525,20,-1.0197,20.2
1.53,20,-1.0198,20.2
1.535,20,-1.0199,20.2
1.54,20,-1.02,20.2
1.545,20,-1.0201,20.2
1.55,20,-1.0202,20.2
1.555,20,-1.0203,20.2
1.56,20,-1.0204,20.2
1.565,20,-1.0205,20.2
1.57,20,-1.0206,20.2
1.575,20,-1.0207,20.2
1.58,20,-1.0208,20.2
1.585,20,-1.0209,20.2
1.59,20,-1.021,20.2
1.595,20,-1.0211,20.2
1.6,20,-1.0212,20.2
1.605,20,-1.0213,20.2
1.61,20,-1.0214,20.2
1.615,20,-1.0215,20.2
1.62,20,-1.0216,20.2
1.625,20,-1.0217,20.2
1.63,20,-1.0218,20.2
1.635,20,-1.0219,20.2
1.64,20,-1.022,20.2
1.645,20,-1.0221,20.2
1.65,20,-1.0222,20.2
1.655,20,-1.0223,20.2
1.66,20,-1.0224,20.2
1.665,20,-1.0225,20.2
1.67,20,-1.0226,20.2
1.675,20,-1.0227,20.2
1.68,20,-1.0228,20.2
1.685,20,-1.0229,20.2
1.69,20,-1.023,20.2
1.695,20,-1.0231,20.2
1.7,20,-1.0232,20.2
1.705,20,-1.0233,20.2
1.71,20,-1.0234,20.2
1.715,20,-1.0235,20.2
1.72,20,-1.0236,20.2
1.725,20,-1.0237,20.2
1.73,20,-1.0238,20.2
1.735,20,-1.0239,20.2
1.74,20,-1.024,20.2
1.745,20,-1.0241,20.2
1.75,20,-1.0242,20.2
1.755,20,-1.0243,20.2
1.76,20,-1.0244,20.2
1.765,20,-1.0245,20.2
1.77,20,-1.0246,20.2
1.775,20,-1.0247,20.2
1.78,20,-1.0248,20.2
1.785,20,-1.0249,20.2
1.79,20,-1.025,20.2
1.795,20,-1.0251,20.2
1.8,20,-1.0252,20.2
1.805,20,-1.0253,20.2
1.81,20,-1.0254,20.2
1.815,20,-1.0255,20.2
1.82,20,-1.0256,20.2
1.825,20,-1.0257,20.2
1.83,20,-1.0258,20.2
1.835,20,-1.0259,20.2
1.84,20,-1.026,20.2
1.845,20,-1.0261,20.2
1.85,20,-1.0262,20.2
1.855,20,-1.0263,20.2
1.86,20,-1.0264,20.2
1.865,20,-1.0265,20.2
1.87,20,-1.0266,20.2
1.875,20,-1.0267,20.2
1.88,20,-1.0268,20.2
1.885,20,-1.0269,20.2
1.89,20,-1.027,20.2
1.895,20,-1.0271,20.2
1.9,20,-1.0272,20.2
1.905,20,-1.0273,20.2
1.91,20,-1.0274,20.2
1.915,20,-1.0275,20.2
1.92,20,-1.0276,20.2
1.925,20,-1.0277,20.2
1.93,20,-1.0278,20.2
1.935,20,-1.0279,20.2
1.94,20,-1.028,20.2
1.945,20,-1.0281,20.2
1.95,20,-1.0282,20.2
1.955,20,-1.0283,20.2
1.96,20,-1.0284,20.2
1.965,20,-1.0285,20.2
1.97,20,-1.0286,20.2
1.975,20,-1.0287,20.2
1.98,20,-1.0288,20.2
1.985,20,-1.0289,20.2
1.99,20,-1.029,20.2
1.995,20,-1.0291,20.2
2,20,-1.0292,20.2
2.005,20,-1.0293,20.2
2.01,20,-1.0294,20.2
2.015,20,-1.0295,20.2
2.02,20,-1.0296,20.2
2.025,20,-1.0297,20.2
2.03,20,-1.0298,20.2
2.035,20,-1.0299,20.2
2.04,20,-1.03,20.2
2.045,20,-1.0301,20.2
2.05,20,-1.0302,20.2
2.055,20,-1.0303,20.2
2.06,20,-1.0304,20.2
2.065,20,-1.0305,20.2
2.07,20,-1.0306,20.2
2.075,20,-1.0307,20.2
2.08,20,-1.0308,20.2
2.085,20,-1.0309,20.2
2.09,20,-1.031,20.2
2.095,20,-1.0311,20.2
2.1,20,-1.0312,20.2
2.105,20,-1.0313,20.2
2.11,20,-1.0314,20.2
2.115,20,-1.0315,20.2
2.12,20,-1.0316,20.2
2.125,20,-1.0317,20.2
2.13,20,-1.0318,20.2
2.135,20,-1.0319,20.2
2.14,20,-1.032,20.2
2.145,20,-1.0321,20.2
2.15,20,-1.0322,20.2
2.155,20,-1.0323,20.2
2.16,20,-1.0324,20.2
2.165,20,-1.0325,20.2
2.17,20,-1.0326,20.2
2.175,20,-1.0327,20.2
2.18,20,-1.0328,20.2
2.185,20,-1.0329,20.2
2.19,20,-1.033,20.2
2.195,20,-1.0331,20.2
2.2,20,-1.0332,20.2
2.205,20,-1.0333,20.2
2.21,20,-1.0334,20.2
2.215,20,-1.0335,20.2
2.22,20,-1.0336,20.2
2.225,20,-1.0337,20.2
2.23,20,-1.0338,20.2
2.235,20,-1.0339,20.2
2.24,20,-1.034,20.2
2.245,20,-1.0341,20.2
2.25,20,-1.0342,20.2
2.255,20,-1.0343,20.2
2.26,20,-1.0344,20.2
2.265,20,-1.0345,20.2
2.27,20,-1.0346,20.2
2.275,20,-1.0347,20.2
2.28,20,-1.0348,20.2
2.285,20,-1.0349,20.2
2.29,20,-1.035,20.2
2.295,20,-1.0351,20.2
2.3,20,-1.0352,20.2
2.305,20,-1.0353,20.2
2.31,20,-1.0354,20.2
2.315,20,-1.0355,20.2
2.32,20,-1.0356,20.2
2.325,20,-1.0357,20.2
2.33,20,-1.0358,20.2
2.335,20,-1.0359,20.2
2.34,20,-1.036,20.2
2.345,20,-1.0361,20.2
2.35,20,-1.0362,20.2
2.355,20,-1.0363,20.2
2.36,20,-1.0364,20.2
2.365,20,-1.0365,20.2
2.37,20,-1.0366,20.2
2.375,20,-1.0367,20.2
2.38,20,-1.0368,20.2
2.385,20,-1.0369,20.2
2.39,20,-1.037,20.2
2.395,20,-1.0371,20.2
2.4,20,-1.0372,20.2
2.405,20,-1.0373,20.2
2.41,20,-1.0374,20.2
2.415,20,-1.0375,20.2
2.42,20,-1.0376,20.2
2.425,20,-1.0377,20.2
2.43,20,-1.0378,20.2
2.435,20,-1.0379,20.2
2.44,20,-1.038,20.2
2.445,20,-1.0381,20.2
2.45,20,-1.0382,20.2
2.455,20,-1.0383,20.2
2.46,20,-1.0384,20.2
2.465,20,-1.0385,20.2
2.47,20,-1.0386,20.2
2.475,20,-1.0387,20.2
2.48,20,-1.0388,20.2
2.485,20,-1.0389,20.2
2.49,20,-1.039,20.2
2.495,20,-1.0391,20.2
2.5,20,-1.0392,20.2
2.505,20,-1.0393,20.2
2.51,20,-1.0394,20.2
2.515,20,-1.0395,20.2
2.52,20,-1.0396,20.2
2.525,20,-1.0397,20.2
2.53,20,-1.0398,20.2
2.535,20,-1.0399,20.2
2.54,20,-1.04,20.2
2.545,20,-1.0401,20.2
2.55,20,-1.0402,20.2
2.555,20,-1.0403,20.2
2.56,20,-1.0404,20.2
2.565,20,-1.0405,20.2
2.57,20,-1.0406,20.2
2.575,20,-1.0407,20.2
2.58,20,-1.0408,20.2
2.585,20,-1.0409,20.2
2.59,20,-1.041,20.2
2.595,20,-1.0411,20.2
2.6,20,-1.0412,20.2
2.605,20,-1.0413,20.2
2.61,20,-1.0414,20.2
2.615,20,-1.0415,20.2
2.62,20,-1.0416,20.2
2.625,20,-1.0417,20.2
2.63,20,-1.0418,20.2
2.635,20,-1.0419,20.2
2.64,20,-1.042,20.2
2.645,20,-1.0421,20.2
2.65,20,-1.0422,20.2
2.655,20,-1.0423,20.2
2.66,20,-1.0424,20.2
2.665,20,-1.0425,20.2
2.67,20,-1.0426,20.2
2.675,20,-1.0427,20.2
2.68,20,-1.0428,20.2
2.685,20,-1.0429,20.2
2.69,20,-1.043,20.2
2.695,20,-1.0431,20.2
2.7,20,-1.0432,20.2
2.705,20,-1.0433,20.2
2.71,20,-1.0434,20.2
2.715,20,-1.0435,20.2
2.72,20,-1.0436,20.2
2.725,20,-1.0437,20.2
2.73,20,-1.0438,20.2
2.735,20,-1.0439,20.2
2.74,20,-1.044,20.2
2.745,20,-1.0441,20.2
2.75,20,-1.0442,20.2
2.755,20,-1.0443,20.2
2.76,20,-1.0444,20.2
2.765,20,-1.0445,20.2
2.77,20,-1.0446,20.2
2.775,20,-1.0447,20.2
2.78,20,-1.0448,20.2
2.785,20,-1.0449,20.2
2.79,20,-1.045,20.2
2.795,20,-1.0451,20.2
2.8,20,-1.0452,20.2
2.805,20,-1.0453,20.2
2.81,20,-1.0454,20.2
2.815,20,-1.0455,20.2
2.82,20,-1.0456,20.2
2.825,20,-1.0457,20.2
2.83,20,-1.0458,20.2
2.835,20,-1.0459,20.2
2.84,20,-1.046,20.2
2.845,20,-1.0461,20.2
2.85,20,-1.0462,20.2
2.855,20,-1.0463,20.2
2.86,20,-1.0464,20.2
2.865,20,-1.0465,20.2
2.87,20,-1.0466,20.2
2.875,20,-1.0467,20.2
2.88,20,-1.0468,20.2
2.885,20,-1.0469,20.2
2.89,20,-1.047,20.2
2.895,20,-1.0471,20.2
2.9,20,-1.0472,20.2
2.905,20,-1.0473,20.2
2.91,20,-1.0474,20.2
2.915,20,-1.0475,20.2
2.92,20,-1.0476,20.2
2.925,20,-1.0477,20.2
2.93,20,-1.0478,20.2
2.935,20,-1.0479,20.2
2.94,20,-1.048,20.2
2.945,20,-1.0481,20.2
2.95,20,-1.0482,20.2
2.955,20,-1.0483,20.2
2.96,20,-1.0484,20.2
2.965,20,-1.0485,20.2
2.97,20,-1.0486,20.2
2.975,20,-1.0487,20.2
2.98,20,-1.0488,20.2
2.985,20,-1.0489,20.2
2.99,20,-1.049,20.2
2.995,20,-1.0491,20.2
3,20,-1.0492,20.2
3.005,20,-1.0493,20.2
3.01,20,-1.0494,20.2
3.015,20,-1.0495,20.2
3.02,20,-1.0496,20.2
3.025,20,-1.0497,20.2
3.03,20,-1.0498,20.2
3.035,20,-1.0499,20.2
3.04,20,-1.05,20.2
3.045,20,-1.0501,20.2
3.05,20,-1.0502,20.2
3.055,20,-1.0503,20.2
3.06,20,-1.0504,20.2
3.065,20,-1.0505,20.2
3.07,20,-1.0506,20.2
3.075,20,-1.0507,20.2
3.08,20,-1.0508,20.2
3.085,20,-1.0509,20.2
3.09,20,-1.051,20.2
3.095,20,-1.0511,20.2
3.1,20,-1.0512,20.2
3.105,20,-1.0513,20.2
3.11,20,-1.0514,20.2
3.115,20,-1.0515,20.2
3.12,20,-1.0516,20.2
3.125,20,-1.0517,20.2
3.13,20,-1.0518,20.2
3.135,20,-1.0519,20.2
3.14,20,-1.052,20.2
3.145,20,-1.0521,20.2
3.15,20,-1.0522,20.2
3.155,20,-1.0523,20.2
3.16,20,-1.0524,20.2
3.165,20,-1.0525,20.2
3.17,20,-1.0526,20.2
3.175,20,-1.0527,20.2
3.18,20,-1.0528,20.2
3.185,20,-1.0529,20.2
3.19,20,-1.053,20.2
3.195,20,-1.0531,20.2
3.2,20,-1.0532,20.2
3.205,20,-1.0533,20.2
3.21,20,-1.0534,20.2
3.215,20,-1.0535,20.2
3.22,20,-1.0536,20.2
3.225,20,-1.0537,20.2
3.23,20,-1.0538,20.2
3.235,20,-1.0539,20.2
3.24,20,-1.054,20.2
3.245,20,-1.0541,20.2
3.25,20,-1.0542,20.2
3.255,20,-1.0543,20.2
3.26,20,-1.0544,20.2
3.265,20,-1.0545,20.2
3.27,20,-1.0546,20.2
3.275,20,-1.0547,20.2
3.28,20,-1.0548,20.2
3.285,20,-1.0549,20.2
3.29,20,-1.055,20.2
3.295,20,-1.0551,20.2
3.3,20,-1.0552,20.2
3.305,20,-1.0553,20.2
3.31,20,-1.0554,20.2
3.315,20,-1.0555,20.2
3.32,20,-1.0556,20.2
3.325,20,-1.0557,20.2
3.33,20,-1.0558,20.2
3.335,20,-1.0559,20.2
3.34,20,-1.056,20.2
3.345,20,-1.0561,20.2
3.35,20,-1.0562,20.2
3.355,20,-1.0563,20.2
3.36,20,-1.0564,20.2
3.365,20,-1.0565,20.2
3.37,20,-1.0566,20.2
3.375,20,-1.0567,20.2
3.38,20,-1.0568,20.2
3.385,20,-1.0569,20.2
3.39,20,-1.057,20.2
3.395,20,-1.0571,20.2
3.4,20,-1.0572,20.2
3.405,20,-1.0573,20.2
3.41,20,-1.0574,20.2
3.415,20,-1.0575,20.2
3.42,20,-1.0576,20.2
3.425,20,-1.0577,20.2
3.43,20,-1.0578,20.2
3.435,20,-1.0579,20.2
3.44,20,-1.058,20.2
3.445,20,-1.0581,20.2
3.45,20,-1.0582,20.2
3.455,20,-1.0583,20.2
3.46,20,-1.0584,20.2
3.465,20,-1.0585,20.2
3.47,20,-1.0586,20.2
3.475,20,-1.0587,20.2
3.48,20,-1.0588,20.2
3.485,20,-1.0589,20.2
3.49,20,-1.059,20.2
3.495,20,-1.0591,20.2
3.5,20,-1.0592,20.2
3.505,20,-1.0593,20.2
3.51,20,-1.0594,20.2
3.515,20,-1.0595,20.2
3.52,20,-1.0596,20.2
3.525,20,-1.0597,20.2
3.53,20,-1.0598,20.2
3.535,20,-1.0599,20.2
3.54,20,-1.06,20.2
3.545,20,-1.0601,20.2
3.55,20,-1.0602,20.2
3.555,20,-1.0603,20.2
3.56,20,-1.0604,20.2
3.565,20,-1.0605,20.2
3.57,20,-1.0606,20.2
3.575,20,-1.0607,20.2
3.58,20,-1.0608,20.2
3.585,20,-1.0609,20.2
3.59,20,-1.061,20.2
3.595,20,-1.0611,20.2
3.6,20,-1.0612,20.2
3.605,20,-1.0613,20.2
3.61,20,-1.0614,20.2
3.615,20,-1.0615,20.2
3.62,20,-1.0616,20.2
3.625,20,-1.0617,20.2
3.63,20,-1.0618,20.2
3.635,20,-1.0619,20.2
3.64,20,-1.062,20.2
3.645,20,-1.0621,20.2
3.65,20,-1.0622,20.2
3.655,20,-1.0623,20.2
3.66,20,-1.0624,20.2
3.665,20,-1.0625,20.2
3.67,20,-1.0626,20.2
3.675,20,-1.0627,20.2
3.68,20,-1.0628,20.2
3.685,20,-1.0629,20.2
3.69,20,-1.063,20.2
3.695,20,-1.0631,20.2
3.7,20,-1.0632,20.2
3.705,20,-1.0633,20.2
3.71,20,-1.0634,20.2
3.715,20,-1.0635,20.2
3.72,20,-1.0636,20.2
3.725,20,-1.0637,20.2
3.73,20,-1.0638,20.2
3.735,20,-1.0639,20.2
3.74,20,-1.064,20.2
3.745,20,-1.0641,20.2
3.75,20,-1.0642,20.2
3.755,20,-1.0643,20.2
3.76,20,-1.0644,20.2
3.765,20,-1.0645,20.2
3.77,20,-1.0646,20.2
3.775,20,-1.0647,20.2
3.78,20,-1.0648,20.2
3.785,20,-1.0649,20.2
3.79,20,-1.065,20.2
3.795,20,-1.0651,20.2
3.8,20,-1.0652,20.2
3.805,20,-1.0653,20.2
3.81,20,-1.0654,20.2
3.815,20,-1.0655,20.2
3.82,20,-1.0656,20.2
3.825,20,-1.0657,20.2
3.83,20,-1.0658,20.2
3.835,20,-1.0659,20.2
3.84,20,-1.066,20.2
3.845,20,-1.0661,20.2
3.85,20,-1.0662,20.2
3.855,20,-1.0663,20.2
3.86,20,-1.0664,20.2
3.865,20,-1.0665,20.2
3.87,20,-1.0666,20.2
3.875,20,-1.0667,20.2
3.88,20,-1.0668,20.2
3.885,20,-1.0669,20.2
3.89,20,-1.067,20.2
3.895,20,-1.0671,20.2
3.9,20,-1.0672,20.2
3.905,20,-1.0673,20.2
3.91,20,-1.0674,20.2
3.915,20,-1.0675,20.2
3.92,20,-1.0676,20.2
3.925,20,-1.0677,20.2
3.93,20,-1.0678,20.2
3.935,20,-1.0679,20.2
3.94,20,-1.068,20.2
3.945,20,-1.0681,20.2
3.95,20,-1.0682,20.2
3.955,20,-1.0683,20.2
3.96,20,-1.0684,20.2
3.965,20,-1.0685,20.2
3.97,20,-1.0686,20.2
3.975,20,-1.0687,20.2
3.98,20,-1.0688,20.2
3.985,20,-1.0689,20.2
3.99,20,-1.069,20.2
3.995,20,-1.0691,20.2
4,20,-1.0692,20.2
4.005,20,-1.0693,20.2
4.01,20,-1.0694,20.2
4.015,20,-1.0695,20.2
4.02,20,-1.0696,20.2
4.025,20,-1.0697,20.2
4.03,20,-1.0698,20.2
4.035,20,-1.0699,20.2
4.04,20,-1.07,20.2
4.045,20,-1.0701,20.2
4.05,20,-1.0702,20.2
4.055,20,-1.0703,20.2
4.06,20,-1.0704,20.2
4.065,20,-1.0705,20.2
4.07,20,-1.0706,20.2
4.075,20,-1.0707,20.2
4.08,20,-1.0708,20.2
4.085,20,-1.0709,20.2
4.09,20,-1.071,20.2
4.095,20,-1.0711,20.2
4.1,20,-1.0712,20.2
4.105,20,-1.0713,20.2
4.11,20,-1.0714,20.2
4.115,20,-1.0715,20.2
4.12,20,-1.0716,20.2
4.125,20,-1.0717,20.2
4.13,20,-1.0718,20.2
4.135,20,-1.0719,20.2
4.14,20,-1.072,20.2
4.145,20,-1.0721,20.2
4.15,20,-1.0722,20.2
4.155,20,-1.0723,20.2
4.16,20,-1.0724,20.2
4.165,20,-1.0725,20.2
4.17,20,-1.0726,20.2
4.175,20,-1.0727,20.2
4.18,20,-1.0728,20.2
4.185,20,-1.0729,20.2
4.19,20,-1.073,20.2
4.195,20,-1.0731,20.2
4.2,20,-1.0732,20.2
4.205,20,-1.0733,20.2
4.21,20,-1.0734,20.2
4.215,20,-1.0735,20.2
4.22,20,-1.0736,20.2
4.225,20,-1.0737,20.2
4.23,20,-1.0738,20.2
4.235,20,-1.0739,20.2
4.24,20,-1.074,20.2
4.245,20,-1.0741,20.2
4.25,20,-1.0742,20.2
4.255,20,-1.0743,20.2
4.26,20,-1.0744,20.2
4.265,20,-1.0745,20.2
4.27,20,-1.0746,20.2
4.275,20,-1.0747,20.2
4.28,20,-1.0748,20.2
4.285,20,-1.0749,20.2
4.29,20,-1.075,20.2
4.295,20,-1.0751,20.2
4.3,20,-1.0752,20.2
4.305,20,-1.0753,20.2
4.31,20,-1.0754,20.2
4.315,20,-1.0755,20.2
4.32,20,-1.0756,20.2
4.325,20,-1.0757,20.2
4.33,20,-1.0758,20.2
4.335,20,-1.0759,20.2
4.34,20,-1.076,20.2
4.345,20,-1.0761,20.2
4.35,20,-1.0762,20.2
4.355,20,-1.0763,20.2
4.36,20,-1.0764,20.2
4.365,20,-1.0765,20.1
4.37,20,5.97345,20.1
4.375,20,-0.4266,20.1
4.38,20,-0.42665,20.1
4.385,20,-0.4267,20.1
4.39,20,-0.42675,20.1
4.395,20,-0.4268,20.1
4.4,20,-0.42685,20.1
4.405,20,-0.4269,20.1
4.41,20,-0.42695,20.1
4.415,20,-0.427,20.1
4.42,20,-0.42705,20.1
4.425,20,-0.4271,20.1
4.43,20,-0.42715,20.1
4.435,20,-0.4272,20.1
4.44,20,-0.42725,20.1
4.445,20,-0.4273,20.1
4.45,20,-0.42735,20.1
4.455,20,-0.4274,20.1
4.46,20,-0.42745,20.1
4.465,20,-0.4275,20.1
4.47,20,-0.42755,20.1
4.475,20,-0.4276,20.1
4.48,20,-0.42765,20.1
4.485,20,-0.4277,20.1
4.49,20,-0.42775,20.1
4.495,20,-0.4278,20.1
4.5,20,-0.42785,20.1
4.505,20,-0.4279,20
4.51,20,6.6221,20
4.515,20,0.2221,20
4.52,20,0.2221,20
4.525,20,0.2221,20
4.53,20,0.2221,20
4.535,20,0.2221,20
4.54,20,0.2221,20
4.545,20,0.2221,20
4.55,20,0.2221,20
4.555,20,0.2221,20
4.56,20,0.2221,20
4.565,20,0.2221,20
4.57,20,0.2221,20
4.575,20,0.2221,20
4.58,20,0.2221,20
4.585,20,0.2221,20
4.59,20,0.2221,20
4.595,20,0.2221,20
4.6,20,0.2221,20
4.605,20,0.2221,20
4.61,20,0.2221,20
4.615,20,0.2221,20
4.62,20,0.2221,20
4.625,20,0.2221,20
4.63,20,0.2221,20
4.635,20,0.2221,20
4.64,20,0.2221,20
4.645,20,0.2221,20
4.65,20,0.2221,20
4.655,20,0.2221,20
4.66,20,0.2221,20
4.665,20,0.2221,20
4.67,20,0.2221,20
4.675,20,0.2221,20
4.68,20,0.2221,20
4.685,20,0.2221,20
4.69,20,0.2221,20
4.695,20,0.2221,20
4.7,20,0.2221,20
4.705,20,0.2221,20
4.71,20,0.2221,20
4.715,20,0.2221,20
4.72,20,0.2221,20
4.725,20,0.2221,20
4.73,20,0.2221,20
4.735,20,0.2221,20
4.74,20,0.2221,20
4.745,20,0.2221,20
4.75,20,0.2221,20
4.755,20,0.2221,20
4.76,20,0.2221,20
4.765,20,0.2221,20
4.77,20,0.2221,20
4.775,20,0.2221,20
4.78,20,0.2221,20
4.785,20,0.2221,20
4.79,20,0.2221,20
4.795,20,0.2221,20
4.8,20,0.2221,20
4.805,20,0.2221,20
4.81,20,0.2221,20
4.815,20,0.2221,20
4.82,20,0.2221,20
4.825,20,0.2221,20
4.83,20,0.2221,20
4.835,20,0.2221,20
4.84,20,0.2221,20
4.845,20,0.2221,20
4.85,20,0.2221,20
4.855,20,0.2221,20
4.86,20,0.2221,20
4.865,20,0.2221,20
4.87,20,0.2221,20
4.875,20,0.2221,20
4.88,20,0.2221,20
4.885,20,0.2221,20
4.89,20,0.2221,20
4.895,20,0.2221,20
4.9,20,0.2221,20
4.905,20,0.2221,20
4.91,20,0.2221,20
4.915,20,0.2221,20
4.92,20,0.2221,20
4.925,20,0.2221,20
4.93,20,0.2221,20
4.935,20,0.2221,20
4.94,20,0.2221,20
4.945,20,0.2221,20
4.95,20,0.2221,20
4.955,20,0.2221,20
4.96,20,0.2221,20
4.965,20,0.2221,20
4.97,20,0.2221,20
4.975,20,0.2221,20
4.98,20,0.2221,20
4.985,20,0.2221,20
4.99,20,0.2221,20
4.995,20,0.2221,20
5,20,0.2221,20
5.005,20,0.2221,20
5.01,20,0.2221,20
5.015,20,0.2221,20
5.02,20,0.2221,20
5.025,20,0.2221,20
5.03,20,0.2221,20
5.035,20,0.2221,20
5.04,20,0.2221,20
5.045,20,0.2221,20
5.05,20,0.2221,20
5.055,20,0.2221,20
5.06,20,0.2221,20
5.065,20,0.2221,20
5.07,20,0.2221,20
5.075,20,0.2221,20
5.08,20,0.2221,20
5.085,20,0.2221,20
5.09,20,0.2221,20
5.095,20,0.2221,20
5.1,20,0.2221,20
5.105,20,0.2221,20
5.11,20,0.2221,20
5.115,20,0.2221,20
5.12,20,0.2221,20
5.125,20,0.2221,20
5.13,20,0.2221,20
5.135,20,0.2221,20
5.14,20,0.2221,20
5.145,20,0.2221,20
5.15,20,0.2221,20
5.155,20,0.2221,20
5.16,20,0.2221,20
5.165,20,0.2221,20
5.17,20,0.2221,20
5.175,20,0.2221,20
5.18,20,0.2221,20
5.185,20,0.2221,20
5.19,20,0.2221,20
5.195,20,0.2221,20
5.2,20,0.2221,20
5.205,20,0.2221,20
5.21,20,0.2221,20
5.215,20,0.2221,20
5.22,20,0.2221,20
5.225,20,0.2221,20
5.23,20,0.2221,20
5.235,20,0.2221,20
5.24,20,0.2221,20
5.245,20,0.2221,20
5.25,20,0.2221,20
5.255,20,0.2221,20
5.26,20,0.2221,20
5.265,20,0.2221,20
5.27,20,0.2221,20
5.275,20,0.2221,20
5.28,20,0.2221,20
5.285,20,0.2221,20
5.29,20,0.2221,20
5.295,20,0.2221,20
5.3,20,0.2221,20
5.305,20,0.2221,20
5.31,20,0.2221,20
5.315,20,0.2221,20
5.32,20,0.2221,20
5.325,20,0.2221,20
5.33,20,0.2221,20
5.335,20,0.2221,20
5.34,20,0.2221,20
5.345,20,0.2221,20
5.35,20,0.2221,20
5.355,20,0.2221,20
5.36,20,0.2221,20
5.365,20,0.2221,20
5.37,20,0.2221,20
5.375,20,0.2221,20
5.38,20,0.2221,20
5.385,20,0.2221,20
5.39,20,0.2221,20
5.395,20,0.2221,20
5.4,20,0.2221,20
5.405,20,0.2221,20
5.41,20,0.2221,20
5.415,20,0.2221,20
5.42,20,0.2221,20
5.425,20,0.2221,20
5.43,20,0.2221,20
5.435,20,0.2221,20
5.44,20,0.2221,20
5.445,20,0.2221,20
5.45,20,0.2221,20
5.455,20,0.2221,20
5.46,20,0.2221,20
5.465,20,0.2221,20
5.47,20,0.2221,20
5.475,20,0.2221,20
5.48,20,0.2221,20
5.485,20,0.2221,20
5.49,20,0.2221,20
5.495,20,0.2221,20
5.5,20,0.2221,20
5.505,20,0.2221,20
5.51,20,0.2221,20
5.515,20,0.2221,20
5.52,20,0.2221,20
5.525,20,0.2221,20
5.53,20,0.2221,20
5.535,20,0.2221,20
5.54,20,0.2221,20
5.545,20,0.2221,20
5.55,20,0.2221,20
5.555,20,0.2221,20
5.56,20,0.2221,20
5.565,20,0.2221,20
5.57,20,0.2221,20
5.575,20,0.2221,20
5.58,20,0.2221,20
5.585,20,0.2221,20
5.59,20,0.2221,20
5.595,20,0.2221,20
5.6,20,0.2221,20
5.605,20,0.2221,20
5.61,20,0.2221,20
5.615,20,0.2221,20
5.62,20,0.2221,20
5.625,20,0.2221,20
5.63,20,0.2221,20
5.635,20,0.2221,20
5.64,20,0.2221,20
5.645,20,0.2221,20
5.65,20,0.2221,20
5.655,20,0.2221,20
5.66,20,0.2221,20
5.665,20,0.2221,20
5.67,20,0.2221,20
5.675,20,0.2221,20
5.68,20,0.2221,20
5.685,20,0.2221,20
5.69,20,0.2221,20
5.695,20,0.2221,20
5.7,20,0.2221,20
5.705,20,0.2221,20
5.71,20,0.2221,20
5.715,20,0.2221,20
5.72,20,0.2221,20
5.725,20,0.2221,20
5.73,20,0.2221,20
5.735,20,0.2221,20
5.74,20,0.2221,20
5.745,20,0.2221,20
5.75,20,0.2221,20
5.755,20,0.2221,20
5.76,20,0.2221,20
5.765,20,0.2221,20
5.77,20,0.2221,20
5.775,20,0.2221,20
5.78,20,0.2221,20
5.785,20,0.2221,20
5.79,20,0.2221,20
5.795,20,0.2221,20
5.8,20,0.2221,20
5.805,20,0.2221,20
5.81,20,0.2221,20
5.815,20,0.2221,20
5.82,20,0.2221,20
5.825,20,0.2221,20
5.83,20,0.2221,20
5.835,20,0.2221,20
5.84,20,0.2221,20
5.845,20,0.2221,20
5.85,20,0.2221,20
5.855,20,0.2221,20
5.86,20,0.2221,20
5.865,20,0.2221,20
5.87,20,0.2221,20
5.875,20,0.2221,20
5.88,20,0.2221,20
5.885,20,0.2221,20
5.89,20,0.2221,20
5.895,20,0.2221,20
5.9,20,0.2221,20
5.905,20,0.2221,20
5.91,20,0.2221,20
5.915,20,0.2221,20
5.92,20,0.2221,20
5.925,20,0.2221,20
5.93,20,0.2221,20
5.935,20,0.2221,20
5.94,20,0.2221,20
5.945,20,0.2221,20
5.95,20,0.2221,20
5.955,20,0.2221,20
5.96,20,0.2221,20
5.965,20,0.2221,20
5.97,20,0.2221,20
5.975,20,0.2221,20
5.98,20,0.2221,20
5.985,20,0.2221,20
5.99,20,0.2221,20
5.995,20,0.2221,20
6,12,-51.7819,20
6.005,12,-51.7859,20
6.01,12,-51.7899,20
6.015,12,-51.7939,20
6.02,12,-51.7979,20
6.025,12,-51.8019,20
6.03,12,-51.8059,20
6.035,12,-51.8099,19.8
6.04,12,-37.7138,19.7
6.045,12,-43.4677,19.5
6.05,12,-35.7714,19.4
6.055,12,-41.5251,19.2
6.06,12,-33.8287,19.1
6.065,12,-39.5822,18.9
6.07,12,-31.8857,18.7
6.075,12,-30.589,18.5
6.08,12,-29.2923,18.4
6.085,12,-35.0455,18.2
6.09,12,-27.3486,18
6.095,12,-26.0516,17.8
6.1,12,-24.7545,17.7
6.105,12,-30.5073,17.5
6.11,12,-22.8101,17.3
6.115,12,-21.5128,17.1
6.12,12,-20.2153,17
6.125,12,-25.9678,16.8
6.13,12,-18.2702,16.6
6.135,12,-16.9725,16.5
6.14,12,-22.7247,16.3
6.145,12,-15.0269,16.1
6.15,12,-13.729,16
6.155,12,-19.4809,15.8
6.16,12,-11.7829,15.7
6.165,12,-17.5347,15.5
6.17,12,-9.83645,15.4
6.175,12,-15.5882,15.3
6.18,12,-14.9398,15.1
6.185,12,-7.24135,15
6.19,12,-12.9928,14.9
6.195,12,-12.3443,14.7
6.2,12,-4.64565,14.6
6.205,12,-10.397,14.5
6.21,12,-9.7482,14.4
6.215,12,-9.0994,14.3
6.22,12,-8.45055,14.2
6.225,12,-7.80165,14.1
6.23,12,-7.1527,14
6.235,12,-6.5037,13.9
6.24,12,-5.85465,13.8
6.245,12,-5.20555,13.7
6.25,12,-4.5564,13.6
6.255,12,-3.9072,13.5
6.26,12,-3.25795,13.4
6.265,12,-2.60865,13.4
6.27,12,-9.00935,13.3
6.275,12,-1.96,13.2
6.28,12,-1.3106,13.2
6.285,12,-7.7112,13.1
6.29,12,-0.66175,13
6.295,12,-0.01225,13
6.3,12,-6.41275,12.9
6.305,12,0.6368,12.9
6.31,12,-5.76365,12.8
6.315,12,1.28595,12.8
6.32,12,-5.11445,12.7
6.325,12,1.9352,12.7
6.33,12,-4.46515,12.6
6.335,12,2.58455,12.6
6.34,12,-3.81575,12.6
6.345,12,-3.81605,12.5
6.35,12,3.2337,12.5
6.355,12,-3.16655,12.5
6.36,12,-3.1668,12.4
6.365,12,3.883,12.4
6.37,12,-2.5172,12.4
6.375,12,-2.5174,12.3
6.38,12,4.53245,12.3
6.385,12,-1.8677,12.3
6.39,12,-1.86785,12.3
6.395,12,-1.868,12.2
6.4,12,5.1819,12.2
6.405,12,-1.2182,12.2
6.41,12,-1.2183,12.2
6.415,12,-1.2184,12.2
6.42,12,-1.2185,12.2
6.425,12,-1.2186,12.1
6.43,12,5.83135,12.1
6.435,12,-0.5687,12.1
6.44,12,-0.56875,12.1
6.445,12,-0.5688,12.1
6.45,12,-0.56885,12.1
6.455,12,-0.5689,12.1
6.46,12,-0.56895,12.1
6.465,12,-0.569,12.1
6.47,12,-0.56905,12
6.475,12,6.48095,12
6.48,12,0.08095,12
6.485,12,0.08095,12
6.49,12,0.08095,12
6.495,12,0.08095,12
6.5,12,0.08095,12
6.505,12,0.08095,12
6.51,12,0.08095,12
6.515,12,0.08095,12
6.52,12,0.08095,12
6.525,12,0.08095,12
6.53,12,0.08095,12
6.535,12,0.08095,12
6.54,12,0.08095,12
6.545,12,0.08095,12
6.55,12,0.08095,12
6.555,12,0.08095,12
6.56,12,0.08095,12
6.565,12,0.08095,12
6.57,12,0.08095,12
6.575,12,0.08095,12
6.58,12,0.08095,12
6.585,12,0.08095,12
6.59,12,0.08095,12
6.595,12,0.08095,12
6.6,12,0.08095,12
6.605,12,0.08095,12
6.61,12,0.08095,12
6.615,12,0.08095,12
6.62,12,0.08095,12
6.625,12,0.08095,12
6.63,12,0.08095,12
6.635,12,0.08095,12
6.64,12,0.08095,12
6.645,12,0.08095,12
6.65,12,0.08095,12
6.655,12,0.08095,12
6.66,12,0.08095,12
6.665,12,0.08095,12
6.67,12,0.08095,12
6.675,12,0.08095,12
6.68,12,0.08095,12
6.685,12,0.08095,12
6.69,12,0.08095,12
6.695,12,0.08095,12
6.7,12,0.08095,12
6.705,12,0.08095,12
6.71,12,0.08095,12
6.715,12,0.08095,12
6.72,12,0.08095,12
6.725,12,0.08095,12
6.73,12,0.08095,12
6.735,12,0.08095,12
6.74,12,0.08095,12
6.745,12,0.08095,12
6.75,12,0.08095,12
6.755,12,0.08095,12
6.76,12,0.08095,12
6.765,12,0.08095,12
6.77,12,0.08095,12
6.775,12,0.08095,12
6.78,12,0.08095,12
6.785,12,0.08095,12
6.79,12,0.08095,12
6.795,12,0.08095,12
6.8,12,0.08095,12
6.805,12,0.08095,12
6.81,12,0.08095,12
6.815,12,0.08095,12
6.82,12,0.08095,12
6.825,12,0.08095,12
6.83,12,0.08095,12
6.835,12,0.08095,12
6.84,12,0.08095,12
6.845,12,0.08095,12
6.85,12,0.08095,12
6.855,12,0.08095,12
6.86,12,0.08095,12
6.865,12,0.08095,12
6.87,12,0.08095,12
6.875,12,0.08095,12
6.88,12,0.08095,12
6.885,12,0.08095,12
6.89,12,0.08095,12
6.895,12,0.08095,12
6.9,12,0.08095,12
6.905,12,0.08095,12
6.91,12,0.08095,12
6.915,12,0.08095,12
6.92,12,0.08095,12
6.925,12,0.08095,12
6.93,12,0.08095,12
6.935,12,0.08095,12
6.94,12,0.08095,12
6.945,12,0.08095,12
6.95,12,0.08095,12
6.955,12,0.08095,12
6.96,12,0.08095,12
6.965,12,0.08095,12
6.97,12,0.08095,12
6.975,12,0.08095,12
6.98,12,0.08095,12
6.985,12,0.08095,12
6.99,12,0.08095,12
6.995,12,0.08095,12
7,12,0.08095,12
7.005,12,0.08095,12
7.01,12,0.08095,12
7.015,12,0.08095,12
7.02,12,0.08095,12
7.025,12,0.08095,12
7.03,12,0.08095,12
7.035,12,0.08095,12
7.04,12,0.08095,12
7.045,12,0.08095,12
7.05,12,0.08095,12
7.055,12,0.08095,12
7.06,12,0.08095,12
7.065,12,0.08095,12
7.07,12,0.08095,12
7.075,12,0.08095,12
7.08,12,0.08095,12
7.085,12,0.08095,12
7.09,12,0.08095,12
7.095,12,0.08095,12
7.1,12,0.08095,12
7.105,12,0.08095,12
7.11,12,0.08095,12
7.115,12,0.08095,12
7.12,12,0.08095,12
7.125,12,0.08095,12
7.13,12,0.08095,12
7.135,12,0.08095,12
7.14,12,0.08095,12
7.145,12,0.08095,12
7.15,12,0.08095,12
7.155,12,0.08095,12
7.16,12,0.08095,12
7.165,12,0.08095,12
7.17,12,0.08095,12
7.175,12,0.08095,12
7.18,12,0.08095,12
7.185,12,0.08095,12
7.19,12,0.08095,12
7.195,12,0.08095,12
7.2,12,0.08095,12
7.205,12,0.08095,12
7.21,12,0.08095,12
7.215,12,0.08095,12
7.22,12,0.08095,12
7.225,12,0.08095,12
7.23,12,0.08095,12
7.235,12,0.08095,12
7.24,12,0.08095,12
7.245,12,0.08095,12
7.25,12,0.08095,12
7.255,12,0.08095,12
7.26,12,0.08095,12
7.265,12,0.08095,12
7.27,12,0.08095,12
7.275,12,0.08095,12
7.28,12,0.08095,12
7.285,12,0.08095,12
7.29,12,0.08095,12
7.295,12,0.08095,12
7.3,12,0.08095,12
7.305,12,0.08095,12
7.31,12,0.08095,12
7.315,12,0.08095,12
7.32,12,0.08095,12
7.325,12,0.08095,12
7.33,12,0.08095,12
7.335,12,0.08095,12
7.34,12,0.08095,12
7.345,12,0.08095,12
7.35,12,0.08095,12
7.355,12,0.08095,12
7.36,12,0.08095,12
7.365,12,0.08095,12
7.37,12,0.08095,12
7.375,12,0.08095,12
7.38,12,0.08095,12
7.385,12,0.08095,12
7.39,12,0.08095,12
7.395,12,0.08095,12
7.4,12,0.08095,12
7.405,12,0.08095,12
7.41,12,0.08095,12
7.415,12,0.08095,12
7.42,12,0.08095,12
7.425,12,0.08095,12
7.43,12,0.08095,12
7.435,12,0.08095,12
7.44,12,0.08095,12
7.445,12,0.08095,12
7.45,12,0.08095,12
7.455,12,0.08095,12
7.46,12,0.08095,12
7.465,12,0.08095,12
7.47,12,0.08095,12
7.475,12,0.08095,12
7.48,12,0.08095,12
7.485,12,0.08095,12
7.49,12,0.08095,12
7.495,12,0.08095,12
7.5,12,0.08095,12
7.505,12,0.08095,12
7.51,12,0.08095,12
7.515,12,0.08095,12
7.52,12,0.08095,12
7.525,12,0.08095,12
7.53,12,0.08095,12
7.535,12,0.08095,12
7.54,12,0.08095,12
7.545,12,0.08095,12
7.55,12,0.08095,12
7.555,12,0.08095,12
7.56,12,0.08095,12
7.565,12,0.08095,12
7.57,12,0.08095,12
7.575,12,0.08095,12
7.58,12,0.08095,12
7.585,12,0.08095,12
7.59,12,0.08095,12
7.595,12,0.08095,12
7.6,12,0.08095,12
7.605,12,0.08095,12
7.61,12,0.08095,12
7.615,12,0.08095,12
7.62,12,0.08095,12
7.625,12,0.08095,12
7.63,12,0.08095,12
7.635,12,0.08095,12
7.64,12,0.08095,12
7.645,12,0.08095,12
7.65,12,0.08095,12
7.655,12,0.08095,12
7.66,12,0.08095,12
7.665,12,0.08095,12
7.67,12,0.08095,12
7.675,12,0.08095,12
7.68,12,0.08095,12
7.685,12,0.08095,12
7.69,12,0.08095,12
7.695,12,0.08095,12
7.7,12,0.08095,12
7.705,12,0.08095,12
7.71,12,0.08095,12
7.715,12,0.08095,12
7.72,12,0.08095,12
7.725,12,0.08095,12
7.73,12,0.08095,12
7.735,12,0.08095,12
7.74,12,0.08095,12
7.745,12,0.08095,12
7.75,12,0.08095,12
7.755,12,0.08095,12
7.76,12,0.08095,12
7.765,12,0.08095,12
7.77,12,0.08095,12
7.775,12,0.08095,12
7.78,12,0.08095,12
7.785,12,0.08095,12
7.79,12,0.08095,12
7.795,12,0.08095,12
7.8,12,0.08095,12
7.805,12,0.08095,12
7.81,12,0.08095,12
7.815,12,0.08095,12
7.82,12,0.08095,12
7.825,12,0.08095,12
7.83,12,0.08095,12
7.835,12,0.08095,12
7.84,12,0.08095,12
7.845,12,0.08095,12
7.85,12,0.08095,12
7.855,12,0.08095,12
7.86,12,0.08095,12
7.865,12,0.08095,12
7.87,12,0.08095,12
7.875,12,0.08095,12
7.88,12,0.08095,12
7.885,12,0.08095,12
7.89,12,0.08095,12
7.895,12,0.08095,12
7.9,12,0.08095,12
7.905,12,0.08095,12
7.91,12,0.08095,12
7.915,12,0.08095,12
7.92,12,0.08095,12
7.925,12,0.08095,12
7.93,12,0.08095,12
7.935,12,0.08095,12
7.94,12,0.08095,12
7.945,12,0.08095,12
7.95,12,0.08095,12
7.955,12,0.08095,12
7.96,12,0.08095,12
7.965,12,0.08095,12
7.97,12,0.08095,12
7.975,12,0.08095,12
7.98,12,0.08095,12
7.985,12,0.08095,12
7.99,12,0.08095,12
7.995,12,0.08095,12
8,12,0.08095,12
8.005,12,0.08095,12
8.01,12,0.08095,12
8.015,12,0.08095,12
8.02,12,0.08095,12
8.025,12,0.08095,12
8.03,12,0.08095,12
8.035,12,0.08095,12
8.04,12,0.08095,12
8.045,12,0.08095,12
8.05,12,0.08095,12
8.055,12,0.08095,12
8.06,12,0.08095,12
8.065,12,0.08095,12
8.07,12,0.08095,12
8.075,12,0.08095,12
8.08,12,0.08095,12
8.085,12,0.08095,12
8.09,12,0.08095,12
8.095,12,0.08095,12
8.1,12,0.08095,12
8.105,12,0.08095,12
8.11,12,0.08095,12
8.115,12,0.08095,12
8.12,12,0.08095,12
8.125,12,0.08095,12
8.13,12,0.08095,12
8.135,12,0.08095,12
8.14,12,0.08095,12
8.145,12,0.08095,12
8.15,12,0.08095,12
8.155,12,0.08095,12
8.16,12,0.08095,12
8.165,12,0.08095,12
8.17,12,0.08095,12
8.175,12,0.08095,12
8.18,12,0.08095,12
8.185,12,0.08095,12
8.19,12,0.08095,12
8.195,12,0.08095,12
8.2,12,0.08095,12
8.205,12,0.08095,12
8.21,12,0.08095,12
8.215,12,0.08095,12
8.22,12,0.08095,12
8.225,12,0.08095,12
8.23,12,0.08095,12
8.235,12,0.08095,12
8.24,12,0.08095,12
8.245,12,0.08095,12
8.25,12,0.08095,12
8.255,12,0.08095,12
8.26,12,0.08095,12
8.265,12,0.08095,12
8.27,12,0.08095,12
8.275,12,0.08095,12
8.28,12,0.08095,12
8.285,12,0.08095,12
8.29,12,0.08095,12
8.295,12,0.08095,12
8.3,12,0.08095,12
8.305,12,0.08095,12
8.31,12,0.08095,12
8.315,12,0.08095,12
8.32,12,0.08095,12
8.325,12,0.08095,12
8.33,12,0.08095,12
8.335,12,0.08095,12
8.34,12,0.08095,12
8.345,12,0.08095,12
8.35,12,0.08095,12
8.355,12,0.08095,12
8.36,12,0.08095,12
8.365,12,0.08095,12
8.37,12,0.08095,12
8.375,12,0.08095,12
8.38,12,0.08095,12
8.385,12,0.08095,12
8.39,12,0.08095,12
8.395,12,0.08095,12
8.4,12,0.08095,12
8.405,12,0.08095,12
8.41,12,0.08095,12
8.415,12,0.08095,12
8.42,12,0.08095,12
8.425,12,0.08095,12
8.43,12,0.08095,12
8.435,12,0.08095,12
8.44,12,0.08095,12
8.445,12,0.08095,12
8.45,12,0.08095,12
8.455,12,0.08095,12
8.46,12,0.08095,12
8.465,12,0.08095,12
8.47,12,0.08095,12
8.475,12,0.08095,12
8.48,12,0.08095,12
8.485,12,0.08095,12
8.49,12,0.08095,12
8.495,12,0.08095,12
8.5,12,0.08095,12
8.505,12,0.08095,12
8.51,12,0.08095,12
8.515,12,0.08095,12
8.52,12,0.08095,12
8.525,12,0.08095,12
8.53,12,0.08095,12
8.535,12,0.08095,12
8.54,12,0.08095,12
8.545,12,0.08095,12
8.55,12,0.08095,12
8.555,12,0.08095,12
8.56,12,0.08095,12
8.565,12,0.08095,12
8.57,12,0.08095,12
8.575,12,0.08095,12
8.58,12,0.08095,12
8.585,12,0.08095,12
8.59,12,0.08095,12
8.595,12,0.08095,12
8.6,12,0.08095,12
8.605,12,0.08095,12
8.61,12,0.08095,12
8.615,12,0.08095,12
8.62,12,0.08095,12
8.625,12,0.08095,12
8.63,12,0.08095,12
8.635,12,0.08095,12
8.64,12,0.08095,12
8.645,12,0.08095,12
8.65,12,0.08095,12
8.655,12,0.08095,12
8.66,12,0.08095,12
8.665,12,0.08095,12
8.67,12,0.08095,12
8.675,12,0.08095,12
8.68,12,0.08095,12
8.685,12,0.08095,12
8.69,12,0.08095,12
8.695,12,0.08095,12
8.7,12,0.08095,12
8.705,12,0.08095,12
8.71,12,0.08095,12
8.715,12,0.08095,12
8.72,12,0.08095,12
8.725,12,0.08095,12
8.73,12,0.08095,12
8.735,12,0.08095,12
8.74,12,0.08095,12
8.745,12,0.08095,12
8.75,12,0.08095,12
8.755,12,0.08095,12
8.76,12,0.08095,12
8.765,12,0.08095,12
8.77,12,0.08095,12
8.775,12,0.08095,12
8.78,12,0.08095,12
8.785,12,0.08095,12
8.79,12,0.08095,12
8.795,12,0.08095,12
8.8,12,0.08095,12
8.805,12,0.08095,12
8.81,12,0.08095,12
8.815,12,0.08095,12
8.82,12,0.08095,12
8.825,12,0.08095,12
8.83,12,0.08095,12
8.835,12,0.08095,12
8.84,12,0.08095,12
8.845,12,0.08095,12
8.85,12,0.08095,12
8.855,12,0.08095,12
8.86,12,0.08095,12
8.865,12,0.08095,12
8.87,12,0.08095,12
8.875,12,0.08095,12
8.88,12,0.08095,12
8.885,12,0.08095,12
8.89,12,0.08095,12
8.895,12,0.08095,12
8.9,12,0.08095,12
8.905,12,0.08095,12
8.91,12,0.08095,12
8.915,12,0.08095,12
8.92,12,0.08095,12
8.925,12,0.08095,12
8.93,12,0.08095,12
8.935,12,0.08095,12
8.94,12,0.08095,12
8.945,12,0.08095,12
8.95,12,0.08095,12
8.955,12,0.08095,12
8.96,12,0.08095,12
8.965,12,0.08095,12
8.97,12,0.08095,12
8.975,12,0.08095,12
8.98,12,0.08095,12
8.985,12,0.08095,12
8.99,12,0.08095,12
8.995,12,0.08095,12
9,12,0.08095,12
9.005,12,0.08095,12
9.01,12,0.08095,12
9.015,12,0.08095,12
9.02,12,0.08095,12
9.025,12,0.08095,12
9.03,12,0.08095,12
9.035,12,0.08095,12
9.04,12,0.08095,12
9.045,12,0.08095,12
9.05,12,0.08095,12
9.055,12,0.08095,12
9.06,12,0.08095,12
9.065,12,0.08095,12
9.07,12,0.08095,12
9.075,12,0.08095,12
9.08,12,0.08095,12
9.085,12,0.08095,12
9.09,12,0.08095,12
9.095,12,0.08095,12
9.1,12,0.08095,12
9.105,12,0.08095,12
9.11,12,0.08095,12
9.115,12,0.08095,12
9.12,12,0.08095,12
9.125,12,0.08095,12
9.13,12,0.08095,12
9.135,12,0.08095,12
9.14,12,0.08095,12
9.145,12,0.08095,12
9.15,12,0.08095,12
9.155,12,0.08095,12
9.16,12,0.08095,12
9.165,12,0.08095,12
9.17,12,0.08095,12
9.175,12,0.08095,12
9.18,12,0.08095,12
9.185,12,0.08095,12
9.19,12,0.08095,12
9.195,12,0.08095,12
9.2,12,0.08095,12
9.205,12,0.08095,12
9.21,12,0.08095,12
9.215,12,0.08095,12
9.22,12,0.08095,12
9.225,12,0.08095,12
9.23,12,0.08095,12
9.235,12,0.08095,12
9.24,12,0.08095,12
9.245,12,0.08095,12
9.25,12,0.08095,12
9.255,12,0.08095,12
9.26,12,0.08095,12
9.265,12,0.08095,12
9.27,12,0.08095,12
9.275,12,0.08095,12
9.28,12,0.08095,12
9.285,12,0.08095,12
9.29,12,0.08095,12
9.295,12,0.08095,12
9.3,12,0.08095,12
9.305,12,0.08095,12
9.31,12,0.08095,12
9.315,12,0.08095,12
9.32,12,0.08095,12
9.325,12,0.08095,12
9.33,12,0.08095,12
9.335,12,0.08095,12
9.34,12,0.08095,12
9.345,12,0.08095,12
9.35,12,0.08095,12
9.355,12,0.08095,12
9.36,12,0.08095,12
9.365,12,0.08095,12
9.37,12,0.08095,12
9.375,12,0.08095,12
9.38,12,0.08095,12
9.385,12,0.08095,12
9.39,12,0.08095,12
9.395,12,0.08095,12
9.4,12,0.08095,12
9.405,12,0.08095,12
9.41,12,0.08095,12
9.415,12,0.08095,12
9.42,12,0.08095,12
9.425,12,0.08095,12
9.43,12,0.08095,12
9.435,12,0.08095,12
9.44,12,0.08095,12
9.445,12,0.08095,12
9.45,12,0.08095,12
9.455,12,0.08095,12
9.46,12,0.08095,12
9.465,12,0.08095,12
9.47,12,0.08095,12
9.475,12,0.08095,12
9.48,12,0.08095,12
9.485,12,0.08095,12
9.49,12,0.08095,12
9.495,12,0.08095,12
9.5,12,0.08095,12
9.505,12,0.08095,12
9.51,12,0.08095,12
9.515,12,0.08095,12
9.52,12,0.08095,12
9.525,12,0.08095,12
9.53,12,0.08095,12
9.535,12,0.08095,12
9.54,12,0.08095,12
9.545,12,0.08095,12
9.55,12,0.08095,12
9.555,12,0.08095,12
9.56,12,0.08095,12
9.565,12,0.08095,12
9.57,12,0.08095,12
9.575,12,0.08095,12
9.58,12,0.08095,12
9.585,12,0.08095,12
9.59,12,0.08095,12
9.595,12,0.08095,12
9.6,12,0.08095,12
9.605,12,0.08095,12
9.61,12,0.08095,12
9.615,12,0.08095,12
9.62,12,0.08095,12
9.625,12,0.08095,12
9.63,12,0.08095,12
9.635,12,0.08095,12
9.64,12,0.08095,12
9.645,12,0.08095,12
9.65,12,0.08095,12
9.655,12,0.08095,12
9.66,12,0.08095,12
9.665,12,0.08095,12
9.67,12,0.08095,12
9.675,12,0.08095,12
9.68,12,0.08095,12
9.685,12,0.08095,12
9.69,12,0.08095,12
9.695,12,0.08095,12
9.7,12,0.08095,12
9.705,12,0.08095,12
9.71,12,0.08095,12
9.715,12,0.08095,12
9.72,12,0.08095,12
9.725,12,0.08095,12
9.73,12,0.08095,12
9.735,12,0.08095,12
9.74,12,0.08095,12
9.745,12,0.08095,12
9.75,12,0.08095,12
9.755,12,0.08095,12
9.76,12,0.08095,12
9.765,12,0.08095,12
9.77,12,0.08095,12
9.775,12,0.08095,12
9.78,12,0.08095,12
9.785,12,0.08095,12
9.79,12,0.08095,12
9.795,12,0.08095,12
9.8,12,0.08095,12
9.805,12,0.08095,12
9.81,12,0.08095,12
9.815,12,0.08095,12
9.82,12,0.08095,12
9.825,12,0.08095,12
9.83,12,0.08095,12
9.835,12,0.08095,12
9.84,12,0.08095,12
9.845,12,0.08095,12
9.85,12,0.08095,12
9.855,12,0.08095,12
9.86,12,0.08095,12
9.865,12,0.08095,12
9.87,12,0.08095,12
9.875,12,0.08095,12
9.88,12,0.08095,12
9.885,12,0.08095,12
9.89,12,0.08095,12
9.895,12,0.08095,12
9.9,12,0.08095,12
9.905,12,0.08095,12
9.91,12,0.08095,12
9.915,12,0.08095,12
9.92,12,0.08095,12
9.925,12,0.08095,12
9.93,12,0.08095,12
9.935,12,0.08095,12
9.94,12,0.08095,12
9.945,12,0.08095,12
9.95,12,0.08095,12
9.955,12,0.08095,12
9.96,12,0.08095,12
9.965,12,0.08095,12
9.97,12,0.08095,12
9.975,12,0.08095,12
9.98,12,0.08095,12
9.985,12,0.08095,12
9.99,12,0.08095,12
9.995,12,0.08095,12
10,12,0.08095,12
10.005,12,0.08095,12
10.01,12,0.08095,12
10.015,12,0.08095,12
10.02,12,0.08095,12
10.025,12,0.08095,12
10.03,12,0.08095,12
10.035,12,0.08095,12
10.04,12,0.08095,12
10.045,12,0.08095,12
10.05,12,0.08095,12
10.055,12,0.08095,12
10.06,12,0.08095,12
10.065,12,0.08095,12
10.07,12,0.08095,12
10.075,12,0.08095,12
10.08,12,0.08095,12
10.085,12,0.08095,12
10.09,12,0.08095,12
10.095,12,0.08095,12
10.1,12,0.08095,12
10.105,12,0.08095,12
10.11,12,0.08095,12
10.115,12,0.08095,12
10.12,12,0.08095,12
10.125,12,0.08095,12
10.13,12,0.08095,12
10.135,12,0.08095,12
10.14,12,0.08095,12
10.145,12,0.08095,12
10.15,12,0.08095,12
10.155,12,0.08095,12
10.16,12,0.08095,12
10.165,12,0.08095,12
10.17,12,0.08095,12
10.175,12,0.08095,12
10.18,12,0.08095,12
10.185,12,0.08095,12
10.19,12,0.08095,12
10.195,12,0.08095,12
10.2,12,0.08095,12
10.205,12,0.08095,12
10.21,12,0.08095,12
10.215,12,0.08095,12
10.22,12,0.08095,12
10.225,12,0.08095,12
10.23,12,0.08095,12
10.235,12,0.08095,12
10.24,12,0.08095,12
10.245,12,0.08095,12
10.25,12,0.08095,12
10.255,12,0.08095,12
10.26,12,0.08095,12
10.265,12,0.08095,12
10.27,12,0.08095,12
10.275,12,0.08095,12
10.28,12,0.08095,12
10.285,12,0.08095,12
10.29,12,0.08095,12
10.295,12,0.08095,12
10.3,12,0.08095,12
10.305,12,0.08095,12
10.31,12,0.08095,12
10.315,12,0.08095,12
10.32,12,0.08095,12
10.325,12,0.08095,12
10.33,12,0.08095,12
10.335,12,0.08095,12
10.34,12,0.08095,12
10.345,12,0.08095,12
10.35,12,0.08095,12
10.355,12,0.08095,12
10.36,12,0.08095,12
10.365,12,0.08095,12
10.37,12,0.08095,12
10.375,12,0.08095,12
10.38,12,0.08095,12
10.385,12,0.08095,12
10.39,12,0.08095,12
10.395,12,0.08095,12
10.4,12,0.08095,12
10.405,12,0.08095,12
10.41,12,0.08095,12
10.415,12,0.08095,12
10.42,12,0.08095,12
10.425,12,0.08095,12
10.43,12,0.08095,12
10.435,12,0.08095,12
10.44,12,0.08095,12
10.445,12,0.08095,12
10.45,12,0.08095,12
10.455,12,0.08095,12
10.46,12,0.08095,12
10.465,12,0.08095,12
10.47,12,0.08095,12
10.475,12,0.08095,12
10.48,12,0.08095,12
10.485,12,0.08095,12
10.49,12,0.08095,12
10.495,12,0.08095,12
10.5,12,0.08095,12
10.505,12,0.08095,12
10.51,12,0.08095,12
10.515,12,0.08095,12
10.52,12,0.08095,12
10.525,12,0.08095,12
10.53,12,0.08095,12
10.535,12,0.08095,12
10.54,12,0.08095,12
10.545,12,0.08095,12
10.55,12,0.08095,12
10.555,12,0.08095,12
10.56,12,0.08095,12
10.565,12,0.08095,12
10.57,12,0.08095,12
10.575,12,0.08095,12
10.58,12,0.08095,12
10.585,12,0.08095,12
10.59,12,0.08095,12
10.595,12,0.08095,12
10.6,12,0.08095,12
10.605,12,0.08095,12
10.61,12,0.08095,12
10.615,12,0.08095,12
10.62,12,0.08095,12
10.625,12,0.08095,12
10.63,12,0.08095,12
10.635,12,0.08095,12
10.64,12,0.08095,12
10.645,12,0.08095,12
10.65,12,0.08095,12
10.655,12,0.08095,12
10.66,12,0.08095,12
10.665,12,0.08095,12
10.67,12,0.08095,12
10.675,12,0.08095,12
10.68,12,0.08095,12
10.685,12,0.08095,12
10.69,12,0.08095,12
10.695,12,0.08095,12
10.7,12,0.08095,12
10.705,12,0.08095,12
10.71,12,0.08095,12
10.715,12,0.08095,12
10.72,12,0.08095,12
10.725,12,0.08095,12
10.73,12,0.08095,12
10.735,12,0.08095,12
10.74,12,0.08095,12
10.745,12,0.08095,12
10.75,12,0.08095,12
10.755,12,0.08095,12
10.76,12,0.08095,12
10.765,12,0.08095,12
10.77,12,0.08095,12
10.775,12,0.08095,12
10.78,12,0.08095,12
10.785,12,0.08095,12
10.79,12,0.08095,12
10.795,12,0.08095,12
10.8,12,0.08095,12
10.805,12,0.08095,12
10.81,12,0.08095,12
10.815,12,0.08095,12
10.82,12,0.08095,12
10.825,12,0.08095,12
10.83,12,0.08095,12
10.835,12,0.08095,12
10.84,12,0.08095,12
10.845,12,0.08095,12
10.85,12,0.08095,12
10.855,12,0.08095,12
10.86,12,0.08095,12
10.865,12,0.08095,12
10.87,12,0.08095,12
10.875,12,0.08095,12
10.88,12,0.08095,12
10.885,12,0.08095,12
10.89,12,0.08095,12
10.895,12,0.08095,12
10.9,12,0.08095,12
10.905,12,0.08095,12
10.91,12,0.08095,12
10.915,12,0.08095,12
10.92,12,0.08095,12
10.925,12,0.08095,12
10.93,12,0.08095,12
10.935,12,0.08095,12
10.94,12,0.08095,12
10.945,12,0.08095,12
10.95,12,0.08095,12
10.955,12,0.08095,12
10.96,12,0.08095,12
10.965,12,0.08095,12
10.97,12,0.08095,12
10.975,12,0.08095,12
10.98,12,0.08095,12
10.985,12,0.08095,12
10.99,12,0.08095,12
10.995,12,0.08095,12
11,13.5,9.8317,12
11.005,13.5,9.83245,12
11.01,13.5,9.8332,12
11.015,13.5,9.83395,12
11.02,13.5,9.8347,12
11.025,13.5,9.83545,12
11.03,13.5,9.8362,12
11.035,13.5,9.83695,12
11.04,13.5,9.8377,12
11.045,13.5,9.83845,12
11.05,13.5,9.8392,12
11.055,13.5,9.83995,12
11.06,13.5,9.8407,12
11.065,13.5,9.84145,12
11.07,13.5,9.8422,12
11.075,13.5,9.84295,12
11.08,13.5,9.8437,12
11.085,13.5,9.84445,12
11.09,13.5,9.8452,12
11.095,13.5,9.84595,12
11.1,13.5,9.8467,12
11.105,13.5,9.84745,12
11.11,13.5,9.8482,12
11.115,13.5,9.84895,12
11.12,13.5,9.8497,12
11.125,13.5,9.85045,12
11.13,13.5,9.8512,12
11.135,13.5,9.85195,12
11.14,13.5,9.8527,12
11.145,13.5,9.85345,12
11.15,13.5,9.8542,12
11.155,13.5,9.85495,12
11.16,13.5,9.8557,12
11.165,13.5,9.85645,12
11.17,13.5,9.8572,12
11.175,13.5,9.85795,12
11.18,13.5,9.8587,12
11.185,13.5,9.85945,12
11.19,13.5,9.8602,12
11.195,13.5,9.86095,12
11.2,13.5,9.8617,12
11.205,13.5,9.86245,12
11.21,13.5,9.8632,12
11.215,13.5,9.86395,12
11.22,13.5,9.8647,12
11.225,13.5,9.86545,12
11.23,13.5,9.8662,12
11.235,13.5,9.86695,12
11.24,13.5,9.8677,12
11.245,13.5,9.86845,12
11.25,13.5,9.8692,12
11.255,13.5,9.86995,12
11.26,13.5,9.8707,12
11.265,13.5,9.87145,12
11.27,13.5,9.8722,12
11.275,13.5,9.87295,12
11.28,13.5,9.8737,12
11.285,13.5,9.87445,12
11.29,13.5,9.8752,12
11.295,13.5,9.87595,12
11.3,13.5,9.8767,12
11.305,13.5,9.87745,12
11.31,13.5,9.8782,12
11.315,13.5,9.87895,12
11.32,13.5,9.8797,12
11.325,13.5,9.88045,12
11.33,13.5,9.8812,12
11.335,13.5,9.88195,12
11.34,13.5,9.8827,12
11.345,13.5,9.88345,12
11.35,13.5,9.8842,12
11.355,13.5,9.88495,12
11.36,13.5,9.8857,12
11.365,13.5,9.88645,12
11.37,13.5,9.8872,12
11.375,13.5,9.88795,12
11.38,13.5,9.8887,12
11.385,13.5,9.88945,12
11.39,13.5,9.8902,12
11.395,13.5,9.89095,12
11.4,13.5,9.8917,12
11.405,13.5,9.89245,12
11.41,13.5,9.8932,12
11.415,13.5,9.89395,12
11.42,13.5,9.8947,12
11.425,13.5,9.89545,12
11.43,13.5,9.8962,12
11.435,13.5,9.89695,12.1
11.44,13.5,2.84765,12.1
11.445,13.5,9.24835,12.2
11.45,13.5,2.199,12.3
11.455,13.5,1.5496,12.3
11.46,13.5,7.9502,12.4
11.465,13.5,0.90075,12.4
11.47,13.5,7.3013,12.5
11.475,13.5,0.2518,12.5
11.48,13.5,6.6523,12.6
11.485,13.5,-0.39725,12.6
11.49,13.5,6.0032,12.7
11.495,13.5,-1.0464,12.7
11.5,13.5,5.354,12.7
11.505,13.5,5.3544,12.8
11.51,13.5,-1.69525,12.8
11.515,13.5,4.7051,12.9
11.52,13.5,-2.3446,12.9
11.525,13.5,4.0557,12.9
11.53,13.5,4.056,13
11.535,13.5,-2.99375,13
11.54,13.5,3.4065,13
11.545,13.5,3.40675,13
11.55,13.5,3.407,13.1
11.555,13.5,-3.6428,13.1
11.56,13.5,2.7574,13.1
11.565,13.5,2.7576,13.1
11.57,13.5,2.7578,13.2
11.575,13.5,-4.29205,13.2
11.58,13.5,2.1081,13.2
11.585,13.5,2.10825,13.2
11.59,13.5,2.1084,13.3
11.595,13.5,-4.9415,13.3
11.6,13.5,1.4586,13.3
11.605,13.5,1.4587,13.3
11.61,13.5,1.4588,13.3
11.615,13.5,1.4589,13.3
11.62,13.5,1.459,13.3
11.625,13.5,1.4591,13.4
11.63,13.5,-5.59085,13.4
11.635,13.5,0.8092,13.4
11.64,13.5,0.80925,13.4
11.645,13.5,0.8093,13.4
11.65,13.5,0.80935,13.4
11.655,13.5,0.8094,13.4
11.66,13.5,0.80945,13.4
11.665,13.5,0.8095,13.4
11.67,13.5,0.80955,13.5
11.675,13.5,-6.24045,13.5
11.68,13.5,0.15955,13.5
11.685,13.5,0.15955,13.5
11.69,13.5,0.15955,13.5
11.695,13.5,0.15955,13.5
11.7,13.5,0.15955,13.5
11.705,13.5,0.15955,13.5
11.71,13.5,0.15955,13.5
11.715,13.5,0.15955,13.5
11.72,13.5,0.15955,13.5
11.725,13.5,0.15955,13.5
11.73,13.5,0.15955,13.5
11.735,13.5,0.15955,13.5
11.74,13.5,0.15955,13.5
11.745,13.5,0.15955,13.5
11.75,13.5,0.15955,13.5
11.755,13.5,0.15955,13.5
11.76,13.5,0.15955,13.5
11.765,13.5,0.15955,13.5
11.77,13.5,0.15955,13.5
11.775,13.5,0.15955,13.5
11.78,13.5,0.15955,13.5
11.785,13.5,0.15955,13.5
11.79,13.5,0.15955,13.5
11.795,13.5,0.15955,13.5
11.8,13.5,0.15955,13.5
11.805,13.5,0.15955,13.5
11.81,13.5,0.15955,13.6
11.815,13.5,-6.8905,13.6
11.82,13.5,-0.49055,13.6
11.825,13.5,-0.4906,13.6
11.83,13.5,-0.49065,13.6
11.835,13.5,-0.4907,13.6
11.84,13.5,-0.49075,13.6
11.845,13.5,-0.4908,13.6
11.85,13.5,-0.49085,13.6
11.855,13.5,-0.4909,13.6
11.86,13.5,-0.49095,13.6
11.865,13.5,-0.491,13.6
11.87,13.5,-0.49105,13.6
11.875,13.5,-0.4911,13.6
11.88,13.5,-0.49115,13.6
11.885,13.5,-0.4912,13.6
11.89,13.5,-0.49125,13.6
11.895,13.5,-0.4913,13.6
11.9,13.5,-0.49135,13.6
11.905,13.5,-0.4914,13.6
11.91,13.5,-0.49145,13.6
11.915,13.5,-0.4915,13.6
11.92,13.5,-0.49155,13.6
11.925,13.5,-0.4916,13.6
11.93,13.5,-0.49165,13.6
11.935,13.5,-0.4917,13.6
11.94,13.5,-0.49175,13.6
11.945,13.5,-0.4918,13.6
11.95,13.5,-0.49185,13.6
11.955,13.5,-0.4919,13.6
11.96,13.5,-0.49195,13.6
11.965,13.5,-0.492,13.6
11.97,13.5,-0.49205,13.6
11.975,13.5,-0.4921,13.6
11.98,13.5,-0.49215,13.6
11.985,13.5,-0.4922,13.6
11.99,13.5,-0.49225,13.6
11.995,13.5,-0.4923,13.6
12,13.5,-0.49235,13.6
12.005,13.5,-0.4924,13.6
12.01,13.5,-0.49245,13.6
12.015,13.5,-0.4925,13.6
12.02,13.5,-0.49255,13.6
12.025,13.5,-0.4926,13.6
12.03,13.5,-0.49265,13.6
12.035,13.5,-0.4927,13.6
12.04,13.5,-0.49275,13.6
12.045,13.5,-0.4928,13.6
12.05,13.5,-0.49285,13.6
12.055,13.5,-0.4929,13.6
12.06,13.5,-0.49295,13.6
12.065,13.5,-0.493,13.6
12.07,13.5,-0.49305,13.6
12.075,13.5,-0.4931,13.6
12.08,13.5,-0.49315,13.6
12.085,13.5,-0.4932,13.6
12.09,13.5,-0.49325,13.6
12.095,13.5,-0.4933,13.6
12.1,13.5,-0.49335,13.6
12.105,13.5,-0.4934,13.6
12.11,13.5,-0.49345,13.6
12.115,13.5,-0.4935,13.6
12.12,13.5,-0.49355,13.6
12.125,13.5,-0.4936,13.6
12.13,13.5,-0.49365,13.6
12.135,13.5,-0.4937,13.6
12.14,13.5,-0.49375,13.6
12.145,13.5,-0.4938,13.6
12.15,13.5,-0.49385,13.6
12.155,13.5,-0.4939,13.6
12.16,13.5,-0.49395,13.6
12.165,13.5,-0.494,13.6
12.17,13.5,-0.49405,13.6
12.175,13.5,-0.4941,13.6
12.18,13.5,-0.49415,13.6
12.185,13.5,-0.4942,13.6
12.19,13.5,-0.49425,13.6
12.195,13.5,-0.4943,13.6
12.2,13.5,-0.49435,13.6
12.205,13.5,-0.4944,13.6
12.21,13.5,-0.49445,13.6
12.215,13.5,-0.4945,13.6
12.22,13.5,-0.49455,13.6
12.225,13.5,-0.4946,13.6
12.23,13.5,-0.49465,13.6
12.235,13.5,-0.4947,13.6
12.24,13.5,-0.49475,13.6
12.245,13.5,-0.4948,13.6
12.25,13.5,-0.49485,13.6
12.255,13.5,-0.4949,13.6
12.26,13.5,-0.49495,13.6
12.265,13.5,-0.495,13.6
12.27,13.5,-0.49505,13.6
12.275,13.5,-0.4951,13.6
12.28,13.5,-0.49515,13.6
12.285,13.5,-0.4952,13.6
12.29,13.5,-0.49525,13.6
12.295,13.5,-0.4953,13.6
12.3,13.5,-0.49535,13.6
12.305,13.5,-0.4954,13.6
12.31,13.5,-0.49545,13.6
12.315,13.5,-0.4955,13.6
12.32,13.5,-0.49555,13.6
12.325,13.5,-0.4956,13.6
12.33,13.5,-0.49565,13.6
12.335,13.5,-0.4957,13.6
12.34,13.5,-0.49575,13.6
12.345,13.5,-0.4958,13.6
12.35,13.5,-0.49585,13.6
12.355,13.5,-0.4959,13.6
12.36,13.5,-0.49595,13.6
12.365,13.5,-0.496,13.6
12.37,13.5,-0.49605,13.6
12.375,13.5,-0.4961,13.6
12.38,13.5,-0.49615,13.6
12.385,13.5,-0.4962,13.6
12.39,13.5,-0.49625,13.6
12.395,13.5,-0.4963,13.6
12.4,13.5,-0.49635,13.6
12.405,13.5,-0.4964,13.6
12.41,13.5,-0.49645,13.6
12.415,13.5,-0.4965,13.6
12.42,13.5,-0.49655,13.6
12.425,13.5,-0.4966,13.6
12.43,13.5,-0.49665,13.6
12.435,13.5,-0.4967,13.6
12.44,13.5,-0.49675,13.6
12.445,13.5,-0.4968,13.6
12.45,13.5,-0.49685,13.6
12.455,13.5,-0.4969,13.6
12.46,13.5,-0.49695,13.6
12.465,13.5,-0.497,13.6
12.47,13.5,-0.49705,13.6
12.475,13.5,-0.4971,13.6
12.48,13.5,-0.49715,13.6
12.485,13.5,-0.4972,13.6
12.49,13.5,-0.49725,13.6
12.495,13.5,-0.4973,13.6
12.5,13.5,-0.49735,13.6
12.505,13.5,-0.4974,13.6
12.51,13.5,-0.49745,13.6
12.515,13.5,-0.4975,13.6
12.52,13.5,-0.49755,13.6
12.525,13.5,-0.4976,13.6
12.53,13.5,-0.49765,13.6
12.535,13.5,-0.4977,13.6
12.54,13.5,-0.49775,13.6
12.545,13.5,-0.4978,13.6
12.55,13.5,-0.49785,13.6
12.555,13.5,-0.4979,13.6
12.56,13.5,-0.49795,13.6
12.565,13.5,-0.498,13.6
12.57,13.5,-0.49805,13.6
12.575,13.5,-0.4981,13.6
12.58,13.5,-0.49815,13.6
12.585,13.5,-0.4982,13.6
12.59,13.5,-0.49825,13.6
12.595,13.5,-0.4983,13.6
12.6,13.5,-0.49835,13.6
12.605,13.5,-0.4984,13.6
12.61,13.5,-0.49845,13.6
12.615,13.5,-0.4985,13.6
12.62,13.5,-0.49855,13.6
12.625,13.5,-0.4986,13.6
12.63,13.5,-0.49865,13.6
12.635,13.5,-0.4987,13.6
12.64,13.5,-0.49875,13.6
12.645,13.5,-0.4988,13.6
12.65,13.5,-0.49885,13.6
12.655,13.5,-0.4989,13.6
12.66,13.5,-0.49895,13.6
12.665,13.5,-0.499,13.6
12.67,13.5,-0.49905,13.6
12.675,13.5,-0.4991,13.6
12.68,13.5,-0.49915,13.6
12.685,13.5,-0.4992,13.6
12.69,13.5,-0.49925,13.6
12.695,13.5,-0.4993,13.6
12.7,13.5,-0.49935,13.6
12.705,13.5,-0.4994,13.6
12.71,13.5,-0.49945,13.6
12.715,13.5,-0.4995,13.6
12.72,13.5,-0.49955,13.6
12.725,13.5,-0.4996,13.6
12.73,13.5,-0.49965,13.6
12.735,13.5,-0.4997,13.6
12.74,13.5,-0.49975,13.6
12.745,13.5,-0.4998,13.6
12.75,13.5,-0.49985,13.6
12.755,13.5,-0.4999,13.6
12.76,13.5,-0.49995,13.6
12.765,13.5,-0.5,13.6
12.77,13.5,-0.50005,13.6
12.775,13.5,-0.5001,13.6
12.78,13.5,-0.50015,13.6
12.785,13.5,-0.5002,13.6
12.79,13.5,-0.50025,13.6
12.795,13.5,-0.5003,13.6
12.8,13.5,-0.50035,13.6
12.805,13.5,-0.5004,13.6
12.81,13.5,-0.50045,13.6
12.815,13.5,-0.5005,13.6
12.82,13.5,-0.50055,13.6
12.825,13.5,-0.5006,13.6
12.83,13.5,-0.50065,13.6
12.835,13.5,-0.5007,13.6
12.84,13.5,-0.50075,13.6
12.845,13.5,-0.5008,13.6
12.85,13.5,-0.50085,13.6
12.855,13.5,-0.5009,13.6
12.86,13.5,-0.50095,13.6
12.865,13.5,-0.501,13.6
12.87,13.5,-0.50105,13.6
12.875,13.5,-0.5011,13.6
12.88,13.5,-0.50115,13.6
12.885,13.5,-0.5012,13.6
12.89,13.5,-0.50125,13.6
12.895,13.5,-0.5013,13.6
12.9,13.5,-0.50135,13.6
12.905,13.5,-0.5014,13.6
12.91,13.5,-0.50145,13.6
12.915,13.5,-0.5015,13.6
12.92,13.5,-0.50155,13.6
12.925,13.5,-0.5016,13.6
12.93,13.5,-0.50165,13.6
12.935,13.5,-0.5017,13.6
12.94,13.5,-0.50175,13.6
12.945,13.5,-0.5018,13.6
12.95,13.5,-0.50185,13.6
12.955,13.5,-0.5019,13.6
12.96,13.5,-0.50195,13.6
12.965,13.5,-0.502,13.6
12.97,13.5,-0.50205,13.6
12.975,13.5,-0.5021,13.6
12.98,13.5,-0.50215,13.6
12.985,13.5,-0.5022,13.6
12.99,13.5,-0.50225,13.6
12.995,13.5,-0.5023,13.6
13,13.5,-0.50235,13.6
13.005,13.5,-0.5024,13.6
13.01,13.5,-0.50245,13.6
13.015,13.5,-0.5025,13.6
13.02,13.5,-0.50255,13.6
13.025,13.5,-0.5026,13.6
13.03,13.5,-0.50265,13.6
13.035,13.5,-0.5027,13.6
13.04,13.5,-0.50275,13.6
13.045,13.5,-0.5028,13.6
13.05,13.5,-0.50285,13.6
13.055,13.5,-0.5029,13.6
13.06,13.5,-0.50295,13.6
13.065,13.5,-0.503,13.6
13.07,13.5,-0.50305,13.6
13.075,13.5,-0.5031,13.6
13.08,13.5,-0.50315,13.6
13.085,13.5,-0.5032,13.6
13.09,13.5,-0.50325,13.6
13.095,13.5,-0.5033,13.6
13.1,13.5,-0.50335,13.6
13.105,13.5,-0.5034,13.6
13.11,13.5,-0.50345,13.6
13.115,13.5,-0.5035,13.6
13.12,13.5,-0.50355,13.6
13.125,13.5,-0.5036,13.6
13.13,13.5,-0.50365,13.6
13.135,13.5,-0.5037,13.6
13.14,13.5,-0.50375,13.6
13.145,13.5,-0.5038,13.6
13.15,13.5,-0.50385,13.6
13.155,13.5,-0.5039,13.6
13.16,13.5,-0.50395,13.6
13.165,13.5,-0.504,13.6
13.17,13.5,-0.50405,13.6
13.175,13.5,-0.5041,13.6
13.18,13.5,-0.50415,13.6
13.185,13.5,-0.5042,13.6
13.19,13.5,-0.50425,13.6
13.195,13.5,-0.5043,13.6
13.2,13.5,-0.50435,13.6
13.205,13.5,-0.5044,13.6
13.21,13.5,-0.50445,13.6
13.215,13.5,-0.5045,13.6
13.22,13.5,-0.50455,13.6
13.225,13.5,-0.5046,13.6
13.23,13.5,-0.50465,13.6
13.235,13.5,-0.5047,13.6
13.24,13.5,-0.50475,13.6
13.245,13.5,-0.5048,13.6
13.25,13.5,-0.50485,13.6
13.255,13.5,-0.5049,13.6
13.26,13.5,-0.50495,13.6
13.265,13.5,-0.505,13.6
13.27,13.5,-0.50505,13.6
13.275,13.5,-0.5051,13.6
13.28,13.5,-0.50515,13.6
13.285,13.5,-0.5052,13.6
13.29,13.5,-0.50525,13.6
13.295,13.5,-0.5053,13.6
13.3,13.5,-0.50535,13.6
13.305,13.5,-0.5054,13.6
13.31,13.5,-0.50545,13.6
13.315,13.5,-0.5055,13.6
13.32,13.5,-0.50555,13.6
13.325,13.5,-0.5056,13.6
13.33,13.5,-0.50565,13.6
13.335,13.5,-0.5057,13.6
13.34,13.5,-0.50575,13.6
13.345,13.5,-0.5058,13.6
13.35,13.5,-0.50585,13.6
13.355,13.5,-0.5059,13.6
13.36,13.5,-0.50595,13.6
13.365,13.5,-0.506,13.6
13.37,13.5,-0.50605,13.6
13.375,13.5,-0.5061,13.6
13.38,13.5,-0.50615,13.6
13.385,13.5,-0.5062,13.6
13.39,13.5,-0.50625,13.6
13.395,13.5,-0.5063,13.6
13.4,13.5,-0.50635,13.6
13.405,13.5,-0.5064,13.6
13.41,13.5,-0.50645,13.6
13.415,13.5,-0.5065,13.6
13.42,13.5,-0.50655,13.6
13.425,13.5,-0.5066,13.6
13.43,13.5,-0.50665,13.6
13.435,13.5,-0.5067,13.6
13.44,13.5,-0.50675,13.6
13.445,13.5,-0.5068,13.6
13.45,13.5,-0.50685,13.6
13.455,13.5,-0.5069,13.6
13.46,13.5,-0.50695,13.6
13.465,13.5,-0.507,13.6
13.47,13.5,-0.50705,13.6
13.475,13.5,-0.5071,13.6
13.48,13.5,-0.50715,13.6
13.485,13.5,-0.5072,13.6
13.49,13.5,-0.50725,13.6
13.495,13.5,-0.5073,13.6
13.5,13.5,-0.50735,13.6
13.505,13.5,-0.5074,13.6
13.51,13.5,-0.50745,13.6
13.515,13.5,-0.5075,13.6
13.52,13.5,-0.50755,13.6
13.525,13.5,-0.5076,13.6
13.53,13.5,-0.50765,13.6
13.535,13.5,-0.5077,13.6
13.54,13.5,-0.50775,13.6
13.545,13.5,-0.5078,13.6
13.55,13.5,-0.50785,13.6
13.555,13.5,-0.5079,13.6
13.56,13.5,-0.50795,13.6
13.565,13.5,-0.508,13.6
13.57,13.5,-0.50805,13.6
13.575,13.5,-0.5081,13.6
13.58,13.5,-0.50815,13.6
13.585,13.5,-0.5082,13.6
13.59,13.5,-0.50825,13.6
13.595,13.5,-0.5083,13.6
13.6,13.5,-0.50835,13.6
13.605,13.5,-0.5084,13.6
13.61,13.5,-0.50845,13.6
13.615,13.5,-0.5085,13.6
13.62,13.5,-0.50855,13.6
13.625,13.5,-0.5086,13.6
13.63,13.5,-0.50865,13.6
13.635,13.5,-0.5087,13.6
13.64,13.5,-0.50875,13.6
13.645,13.5,-0.5088,13.6
13.65,13.5,-0.50885,13.6
13.655,13.5,-0.5089,13.6
13.66,13.5,-0.50895,13.6
13.665,13.5,-0.509,13.6
13.67,13.5,-0.50905,13.6
13.675,13.5,-0.5091,13.6
13.68,13.5,-0.50915,13.6
13.685,13.5,-0.5092,13.6
13.69,13.5,-0.50925,13.6
13.695,13.5,-0.5093,13.6
13.7,13.5,-0.50935,13.6
13.705,13.5,-0.5094,13.6
13.71,13.5,-0.50945,13.6
13.715,13.5,-0.5095,13.6
13.72,13.5,-0.50955,13.6
13.725,13.5,-0.5096,13.6
13.73,13.5,-0.50965,13.6
13.735,13.5,-0.5097,13.6
13.74,13.5,-0.50975,13.6
13.745,13.5,-0.5098,13.6
13.75,13.5,-0.50985,13.6
13.755,13.5,-0.5099,13.6
13.76,13.5,-0.50995,13.6
13.765,13.5,-0.51,13.6
13.77,13.5,-0.51005,13.6
13.775,13.5,-0.5101,13.6
13.78,13.5,-0.51015,13.6
13.785,13.5,-0.5102,13.6
13.79,13.5,-0.51025,13.6
13.795,13.5,-0.5103,13.6
13.8,13.5,-0.51035,13.6
13.805,13.5,-0.5104,13.6
13.81,13.5,-0.51045,13.6
13.815,13.5,-0.5105,13.6
13.82,13.5,-0.51055,13.6
13.825,13.5,-0.5106,13.6
13.83,13.5,-0.51065,13.6
13.835,13.5,-0.5107,13.6
13.84,13.5,-0.51075,13.6
13.845,13.5,-0.5108,13.6
13.85,13.5,-0.51085,13.6
13.855,13.5,-0.5109,13.6
13.86,13.5,-0.51095,13.6
13.865,13.5,-0.511,13.6
13.87,13.5,-0.51105,13.6
13.875,13.5,-0.5111,13.6
13.88,13.5,-0.51115,13.6
13.885,13.5,-0.5112,13.6
13.89,13.5,-0.51125,13.6
13.895,13.5,-0.5113,13.6
13.9,13.5,-0.51135,13.6
13.905,13.5,-0.5114,13.6
13.91,13.5,-0.51145,13.6
13.915,13.5,-0.5115,13.6
13.92,13.5,-0.51155,13.6
13.925,13.5,-0.5116,13.6
13.93,13.5,-0.51165,13.6
13.935,13.5,-0.5117,13.6
13.94,13.5,-0.51175,13.6
13.945,13.5,-0.5118,13.6
13.95,13.5,-0.51185,13.6
13.955,13.5,-0.5119,13.6
13.96,13.5,-0.51195,13.6
13.965,13.5,-0.512,13.6
13.97,13.5,-0.51205,13.6
13.975,13.5,-0.5121,13.6
13.98,13.5,-0.51215,13.6
13.985,13.5,-0.5122,13.6
13.99,13.5,-0.51225,13.6
13.995,13.5,-0.5123,13.6
14,13.5,-0.51235,13.6
14.005,13.5,-0.5124,13.6
14.01,13.5,-0.51245,13.6
14.015,13.5,-0.5125,13.6
14.02,13.5,-0.51255,13.6
14.025,13.5,-0.5126,13.6
14.03,13.5,-0.51265,13.6
14.035,13.5,-0.5127,13.6
14.04,13.5,-0.51275,13.6
14.045,13.5,-0.5128,13.6
14.05,13.5,-0.51285,13.6
14.055,13.5,-0.5129,13.6
14.06,13.5,-0.51295,13.6
14.065,13.5,-0.513,13.6
14.07,13.5,-0.51305,13.6
14.075,13.5,-0.5131,13.6
14.08,13.5,-0.51315,13.6
14.085,13.5,-0.5132,13.6
14.09,13.5,-0.51325,13.6
14.095,13.5,-0.5133,13.6
14.1,13.5,-0.51335,13.6
14.105,13.5,-0.5134,13.6
14.11,13.5,-0.51345,13.6
14.115,13.5,-0.5135,13.6
14.12,13.5,-0.51355,13.6
14.125,13.5,-0.5136,13.6
14.13,13.5,-0.51365,13.6
14.135,13.5,-0.5137,13.6
14.14,13.5,-0.51375,13.6
14.145,13.5,-0.5138,13.6
14.15,13.5,-0.51385,13.6
14.155,13.5,-0.5139,13.6
14.16,13.5,-0.51395,13.6
14.165,13.5,-0.514,13.6
14.17,13.5,-0.51405,13.6
14.175,13.5,-0.5141,13.6
14.18,13.5,-0.51415,13.6
14.185,13.5,-0.5142,13.6
14.19,13.5,-0.51425,13.6
14.195,13.5,-0.5143,13.6
14.2,13.5,-0.51435,13.6
14.205,13.5,-0.5144,13.6
14.21,13.5,-0.51445,13.6
14.215,13.5,-0.5145,13.6
14.22,13.5,-0.51455,13.6
14.225,13.5,-0.5146,13.6
14.23,13.5,-0.51465,13.6
14.235,13.5,-0.5147,13.6
14.24,13.5,-0.51475,13.6
14.245,13.5,-0.5148,13.6
14.25,13.5,-0.51485,13.6
14.255,13.5,-0.5149,13.6
14.26,13.5,-0.51495,13.6
14.265,13.5,-0.515,13.6
14.27,13.5,-0.51505,13.6
14.275,13.5,-0.5151,13.6
14.28,13.5,-0.51515,13.6
14.285,13.5,-0.5152,13.6
14.29,13.5,-0.51525,13.6
14.295,13.5,-0.5153,13.6
14.3,13.5,-0.51535,13.6
14.305,13.5,-0.5154,13.6
14.31,13.5,-0.51545,13.6
14.315,13.5,-0.5155,13.6
14.32,13.5,-0.51555,13.6
14.325,13.5,-0.5156,13.6
14.33,13.5,-0.51565,13.6
14.335,13.5,-0.5157,13.6
14.34,13.5,-0.51575,13.6
14.345,13.5,-0.5158,13.6
14.35,13.5,-0.51585,13.6
14.355,13.5,-0.5159,13.6
14.36,13.5,-0.51595,13.6
14.365,13.5,-0.516,13.6
14.37,13.5,-0.51605,13.6
14.375,13.5,-0.5161,13.6
14.38,13.5,-0.51615,13.6
14.385,13.5,-0.5162,13.6
14.39,13.5,-0.51625,13.6
14.395,13.5,-0.5163,13.6
14.4,13.5,-0.51635,13.6
14.405,13.5,-0.5164,13.6
14.41,13.5,-0.51645,13.6
14.415,13.5,-0.5165,13.6
14.42,13.5,-0.51655,13.6
14.425,13.5,-0.5166,13.6
14.43,13.5,-0.51665,13.6
14.435,13.5,-0.5167,13.6
14.44,13.5,-0.51675,13.6
14.445,13.5,-0.5168,13.6
14.45,13.5,-0.51685,13.6
14.455,13.5,-0.5169,13.6
14.46,13.5,-0.51695,13.6
14.465,13.5,-0.517,13.6
14.47,13.5,-0.51705,13.6
14.475,13.5,-0.5171,13.6
14.48,13.5,-0.51715,13.6
14.485,13.5,-0.5172,13.6
14.49,13.5,-0.51725,13.6
14.495,13.5,-0.5173,13.6
14.5,13.5,-0.51735,13.6
14.505,13.5,-0.5174,13.6
14.51,13.5,-0.51745,13.6
14.515,13.5,-0.5175,13.6
14.52,13.5,-0.51755,13.6
14.525,13.5,-0.5176,13.6
14.53,13.5,-0.51765,13.6
14.535,13.5,-0.5177,13.6
14.54,13.5,-0.51775,13.6
14.545,13.5,-0.5178,13.6
14.55,13.5,-0.51785,13.6
14.555,13.5,-0.5179,13.6
14.56,13.5,-0.51795,13.6
14.565,13.5,-0.518,13.6
14.57,13.5,-0.51805,13.6
14.575,13.5,-0.5181,13.6
14.58,13.5,-0.51815,13.6
14.585,13.5,-0.5182,13.6
14.59,13.5,-0.51825,13.6
14.595,13.5,-0.5183,13.6
14.6,13.5,-0.51835,13.6
14.605,13.5,-0.5184,13.6
14.61,13.5,-0.51845,13.6
14.615,13.5,-0.5185,13.6
14.62,13.5,-0.51855,13.6
14.625,13.5,-0.5186,13.6
14.63,13.5,-0.51865,13.6
14.635,13.5,-0.5187,13.6
14.64,13.5,-0.51875,13.6
14.645,13.5,-0.5188,13.6
14.65,13.5,-0.51885,13.6
14.655,13.5,-0.5189,13.6
14.66,13.5,-0.51895,13.6
14.665,13.5,-0.519,13.6
14.67,13.5,-0.51905,13.6
14.675,13.5,-0.5191,13.6
14.68,13.5,-0.51915,13.6
14.685,13.5,-0.5192,13.6
14.69,13.5,-0.51925,13.6
14.695,13.5,-0.5193,13.6
14.7,13.5,-0.51935,13.6
14.705,13.5,-0.5194,13.6
14.71,13.5,-0.51945,13.6
14.715,13.5,-0.5195,13.6
14.72,13.5,-0.51955,13.6
14.725,13.5,-0.5196,13.6
14.73,13.5,-0.51965,13.6
14.735,13.5,-0.5197,13.6
14.74,13.5,-0.51975,13.6
14.745,13.5,-0.5198,13.6
14.75,13.5,-0.51985,13.6
14.755,13.5,-0.5199,13.6
14.76,13.5,-0.51995,13.6
14.765,13.5,-0.52,13.6
14.77,13.5,-0.52005,13.6
14.775,13.5,-0.5201,13.6
14.78,13.5,-0.52015,13.6
14.785,13.5,-0.5202,13.6
14.79,13.5,-0.52025,13.6
14.795,13.5,-0.5203,13.6
14.8,13.5,-0.52035,13.6
14.805,13.5,-0.5204,13.6
14.81,13.5,-0.52045,13.6
14.815,13.5,-0.5205,13.6
14.82,13.5,-0.52055,13.6
14.825,13.5,-0.5206,13.6
14.83,13.5,-0.52065,13.6
14.835,13.5,-0.5207,13.6
14.84,13.5,-0.52075,13.6
14.845,13.5,-0.5208,13.6
14.85,13.5,-0.52085,13.6
14.855,13.5,-0.5209,13.6
14.86,13.5,-0.52095,13.6
14.865,13.5,-0.521,13.6
14.87,13.5,-0.52105,13.6
14.875,13.5,-0.5211,13.6
14.88,13.5,-0.52115,13.6
14.885,13.5,-0.5212,13.6
14.89,13.5,-0.52125,13.6
14.895,13.5,-0.5213,13.6
14.9,13.5,-0.52135,13.6
14.905,13.5,-0.5214,13.6
14.91,13.5,-0.52145,13.6
14.915,13.5,-0.5215,13.6
14.92,13.5,-0.52155,13.6
14.925,13.5,-0.5216,13.6
14.93,13.5,-0.52165,13.6
14.935,13.5,-0.5217,13.6
14.94,13.5,-0.52175,13.6
14.945,13.5,-0.5218,13.6
14.95,13.5,-0.52185,13.6
14.955,13.5,-0.5219,13.6
14.96,13.5,-0.52195,13.6
14.965,13.5,-0.522,13.6
14.97,13.5,-0.52205,13.6
14.975,13.5,-0.5221,13.6
14.98,13.5,-0.52215,13.6
14.985,13.5,-0.5222,13.6
14.99,13.5,-0.52225,13.6
14.995,13.5,-0.5223,13.6
